시도,학제,학교수,편성학급수,,,학생수,,,,,,,,,교원수,,,,,,,,,강사,,,직원수,,,,,,입학자,,,졸업자 및 졸업 후 상황,,,,,,,,,,,,,,학업중단자,,,,,,,,,,,,,,,,,,,,,다문화학생,,,해외출국 학생수,,,교사대지면적,체육장면적
,,,학급수 계,일반학급,특수학급,학생수 계,,,일반학급,,,특수학급,,,교원수 계,,,정규교원,,,기간제교원,,,,,,정규 직원,,,전체 직원,,,,,,졸업자,,,진학자,,,취업자,,,입대자,,기타,,,학업중단자 계,,,유예,,,면제,,,자퇴,,,퇴학,,,제적,,,장기결석(2024년~),,,,,,,,,,
,,,,,,전체,남자,여자,전체,남자,여자,전체,남자,여자,전체,남자,여자,전체,남자,여자,전체,남자,여자,전체,남자,여자,전체,남자,여자,전체,남자,여자,전체,남자,여자,전체,남자,여자,전체,남자,여자,전체,남자,여자,전체,남자,전체,남자,여자,전체,남자,여자,전체,남자,여자,전체,남자,여자,전체,남자,여자,전체,남자,여자,전체,남자,여자,전체,남자,여자,전체,남자,여자,전체,남자,여자,,
전국,유치원,"7,973","30,110","28,445","1,665","469,304","238,304","231,000","464,128","234,600","229,528","5,176","3,704","1,472","55,320",920,"54,400","45,656",865,"44,791","9,664",55,"9,609",43,0,43,"4,726","1,861","2,865","26,226","6,369","19,857","202,045","102,760","99,285","187,697","95,845","91,852",0,0,0,0,0,0,0,0,0,0,0,0,0,0,0,0,0,0,0,0,0,0,0,0,0,0,0,0,0,0,0,0,"11,641","5,980","5,661",0,0,0,"3,572,568","1,101,748"
전국,초등학교,"6,191","119,414","111,295","8,119","2,219,370","1,136,206","1,083,164","2,180,365","1,108,719","1,071,646","39,005","27,487","11,518","191,472","44,872","146,600","178,018","42,096","135,922","13,454","2,776","10,678","2,503",639,"1,864","23,422","8,721","14,701","96,641","13,204","83,437","301,442","154,520","146,922","423,053","216,423","206,630","422,925","216,356","206,569",0,0,0,0,0,128,67,61,"16,713","8,739","7,974",875,488,387,"9,203","4,731","4,472",0,0,0,0,0,0,0,0,0,"6,635","3,520","3,115","118,655","60,662","57,993","8,044","4,160","3,884","51,757,954","38,315,522"
전국,중학교,"3,301","54,736","51,459","3,277","1,338,750","686,670","652,080","1,322,974","676,013","646,961","15,776","10,657","5,119","116,242","31,682","84,560","91,002","24,271","66,731","25,240","7,411","17,829","3,991","1,424","2,567","11,033","4,771","6,262","40,035","7,186","32,849","422,083","216,095","205,988","447,119","231,146","215,973","445,497","230,399","215,098",3,1,2,0,0,"1,619",746,873,"10,063","4,529","5,534","1,065",502,563,"2,927","1,376","1,551",0,0,0,0,0,0,0,0,0,"6,071","2,651","3,420","53,501","26,770","26,731","2,861","1,412","1,449","27,424,186","20,663,220"
전국,고등학교,"2,398","55,280","53,070","2,210","1,279,392","661,684","617,708","1,266,675","653,248","613,427","12,717","8,436","4,281","128,550","51,045","77,505","96,157","39,145","57,012","32,393","11,900","20,493","3,427","1,334","2,093","12,736","6,679","6,057","38,044","9,545","28,499","449,047","231,558","217,489","442,636","229,248","213,388",0,0,0,0,0,0,0,0,0,0,0,"26,841","12,155","14,686",22,9,13,6,2,4,"26,565","11,948","14,617",223,181,42,9,5,4,16,10,6,"37,660","18,251","19,409",730,337,393,"40,363,089","20,701,997"
전국,(일반고),"1,594","38,825","37,211","1,614","951,695","478,645","473,050","942,492","472,646","469,846","9,203","5,999","3,204","88,377","33,862","54,515","66,567","25,968","40,599","21,810","7,894","13,916","2,055",737,"1,318","7,690","3,949","3,741","24,623","5,486","19,137","332,273","166,536","165,737","333,344","167,297","166,047",0,0,0,0,0,0,0,0,0,0,0,"17,582","7,491","10,091",16,8,8,3,0,3,"17,456","7,401","10,055",88,70,18,6,4,2,13,8,5,"21,703","9,789","11,914",608,275,333,"22,887,120","13,464,678"
전국,(특목고),163,"2,942","2,909",33,"61,066","29,882","31,184","60,892","29,742","31,150",174,140,34,"8,035","3,678","4,357","6,469","3,031","3,438","1,566",647,919,468,173,295,"1,335",722,613,"3,478","1,188","2,290","21,303","10,415","10,888","19,717","9,975","9,742",0,0,0,0,0,0,0,0,0,0,0,936,371,565,1,0,1,0,0,0,930,367,563,4,4,0,1,0,1,0,0,0,"1,692","1,107",585,24,4,20,"4,536,380","1,521,304"
전국,(특성화고),485,"9,465","9,094",371,"165,606","92,197","73,409","163,401","90,655","72,746","2,205","1,542",663,"22,809","9,691","13,118","15,518","6,941","8,577","7,291","2,750","4,541",551,276,275,"2,838","1,605","1,233","7,041","2,207","4,834","60,542","33,682","26,860","55,342","31,261","24,081",0,0,0,0,0,0,0,0,0,0,0,"6,865","3,505","3,360",4,1,3,3,2,1,"6,733","3,401","3,332",122,99,23,1,0,1,2,2,0,"11,824","6,121","5,703",14,8,6,"9,470,427","4,064,455"
전국,(자율고),156,"4,048","3,856",192,"101,025","60,960","40,065","99,890","60,205","39,685","1,135",755,380,"9,329","3,814","5,515","7,603","3,205","4,398","1,726",609,"1,117",353,148,205,873,403,470,"2,902",664,"2,238","34,929","20,925","14,004","34,233","20,715","13,518",0,0,0,0,0,0,0,0,0,0,0,"1,458",788,670,1,0,1,0,0,0,"1,446",779,667,9,8,1,1,1,0,1,0,1,"2,441","1,234","1,207",84,50,34,"3,469,162","1,651,560"
전국,특수학교,199,"5,836",0,"5,836","31,993","21,951","10,042",0,0,0,"31,993","21,951","10,042","11,983","3,565","8,418","8,332","2,255","6,077","3,651","1,310","2,341",84,16,68,"1,850","1,086",764,"7,349","1,519","5,830","9,943","6,731","3,212","8,935","6,039","2,896",145,89,56,147,103,44,0,0,"2,026","1,381",645,0,0,0,0,0,0,0,0,0,0,0,0,0,0,0,0,0,0,0,0,0,0,0,0,0,0,0,"2,053,187","423,971"
전국,고등공민학교,3,5,5,0,46,23,23,46,23,23,0,0,0,3,1,2,3,1,2,0,0,0,0,0,0,2,1,1,2,1,1,16,9,7,17,9,8,13,8,5,4,1,3,0,0,0,0,0,0,0,0,0,0,0,0,0,0,0,0,0,0,0,0,0,0,0,0,0,0,0,0,0,0,0,0,"3,083","5,939"
전국,고등기술학교,5,28,27,1,418,246,172,415,244,171,3,2,1,59,31,28,24,16,8,35,15,20,15,4,11,15,6,9,24,9,15,186,100,86,128,80,48,80,58,22,29,14,15,0,0,19,8,11,0,0,0,0,0,0,0,0,0,0,0,0,0,0,0,0,0,0,0,0,0,0,0,0,0,0,0,"15,710","11,325"
전국,각종학교,97,766,764,2,"10,367","4,325","6,042","10,355","4,314","6,041",12,11,1,"1,916",689,"1,227","1,376",513,863,540,176,364,336,120,216,358,165,193,760,250,510,"3,363","1,397","1,966","3,097","1,283","1,814","2,911","1,185","1,726",24,13,11,4,4,158,81,77,0,0,0,0,0,0,0,0,0,0,0,0,0,0,0,0,0,0,0,0,0,"1,022",518,504,0,0,0,"707,092","219,897"
전국,소계,"20,167","266,175","245,065","21,110","5,349,640","2,749,409","2,600,231","5,244,958","2,677,161","2,567,797","104,682","72,248","32,434","505,545","132,805","372,740","420,568","109,162","311,406","84,977","23,643","61,334","10,399","3,537","6,862","54,142","23,290","30,852","209,081","38,083","170,998","1,388,125","713,170","674,955","1,512,682","780,073","732,609","871,571","448,095","423,476",207,132,75,4,4,"3,950","2,283","1,667","53,617","25,423","28,194","1,962",999,963,"12,136","6,109","6,027","26,565","11,948","14,617",223,181,42,9,5,4,"12,722","6,181","6,541","222,479","112,181","110,298","11,635","5,909","5,726","125,896,869","81,443,619"
서울,유치원,724,"3,468","3,312",156,"58,791","29,993","28,798","58,344","29,661","28,683",447,332,115,"6,417",87,"6,330","6,012",84,"5,928",405,3,402,6,0,6,588,200,388,"4,318",876,"3,442","26,356","13,539","12,817","21,923","11,291","10,632",0,0,0,0,0,0,0,0,0,0,0,0,0,0,0,0,0,0,0,0,0,0,0,0,0,0,0,0,0,0,0,0,970,526,444,0,0,0,"321,742","93,049"
서울,초등학교,609,"16,499","15,588",911,"322,736","165,516","157,220","318,391","162,413","155,978","4,345","3,103","1,242","26,112","3,339","22,773","25,136","3,198","21,938",976,141,835,622,122,500,"2,970","1,066","1,904","11,700","1,444","10,256","44,899","23,288","21,611","61,816","31,952","29,864","61,799","31,944","29,855",0,0,0,0,0,17,8,9,"5,116","2,658","2,458",180,97,83,"2,835","1,433","1,402",0,0,0,0,0,0,0,0,0,"2,101","1,128",973,"12,647","6,444","6,203","3,060","1,570","1,490","4,148,366","3,044,565"
서울,중학교,390,"7,932","7,576",356,"193,744","100,293","93,451","191,843","98,995","92,848","1,901","1,298",603,"16,498","4,217","12,281","13,155","3,408","9,747","3,343",809,"2,534","1,945",618,"1,327","1,493",717,776,"5,516",941,"4,575","60,893","31,707","29,186","65,762","34,243","31,519","65,544","34,144","31,400",0,0,0,0,0,218,99,119,"2,155",993,"1,162",144,57,87,723,346,377,0,0,0,0,0,0,0,0,0,"1,288",590,698,"5,778","2,953","2,825",991,491,500,"2,480,556","1,773,338"
서울,고등학교,319,"8,322","8,011",311,"197,359","101,412","95,947","195,774","100,323","95,451","1,585","1,089",496,"19,629","7,424","12,205","13,754","5,554","8,200","5,875","1,870","4,005","1,092",354,738,"2,082","1,247",835,"4,127","1,610","2,517","68,021","34,891","33,130","69,950","36,075","33,875",0,0,0,0,0,0,0,0,0,0,0,"4,113","1,932","2,181",5,2,3,4,2,2,"4,072","1,905","2,167",21,16,5,4,2,2,7,5,2,"3,959","1,864","2,095",274,130,144,"4,185,996","2,423,676"
서울,(일반고),215,"5,816","5,522",294,"143,993","73,560","70,433","142,501","72,546","69,955","1,492","1,014",478,"13,494","4,808","8,686","9,793","3,655","6,138","3,701","1,153","2,548",705,230,475,"1,322",774,548,"2,692",959,"1,733","49,353","25,218","24,135","52,777","27,031","25,746",0,0,0,0,0,0,0,0,0,0,0,"2,884","1,358","1,526",4,2,2,2,0,2,"2,858","1,342","1,516",9,7,2,4,2,2,7,5,2,"2,325","1,092","1,233",218,101,117,"2,726,358","1,705,490"
서울,(특목고),21,483,483,0,"11,978","4,073","7,905","11,978","4,073","7,905",0,0,0,"1,253",524,729,941,418,523,312,106,206,203,60,143,170,107,63,356,157,199,"4,135","1,462","2,673","3,824","1,275","2,549",0,0,0,0,0,0,0,0,0,0,0,171,55,116,0,0,0,0,0,0,171,55,116,0,0,0,0,0,0,0,0,0,138,74,64,10,1,9,"410,770","123,957"
서울,(특성화고),68,"1,523","1,506",17,"25,684","12,281","13,403","25,591","12,206","13,385",93,75,18,"3,772","1,507","2,265","2,292","1,026","1,266","1,480",481,999,111,47,64,481,299,182,882,405,477,"9,305","4,402","4,903","8,273","4,037","4,236",0,0,0,0,0,0,0,0,0,0,0,884,399,485,1,0,1,2,2,0,870,389,481,11,8,3,0,0,0,0,0,0,"1,438",655,783,2,2,0,"751,932","409,256"
서울,(자율고),15,500,500,0,"15,704","11,498","4,206","15,704","11,498","4,206",0,0,0,"1,110",585,525,728,455,273,382,130,252,73,17,56,109,67,42,197,89,108,"5,228","3,809","1,419","5,076","3,732","1,344",0,0,0,0,0,0,0,0,0,0,0,174,120,54,0,0,0,0,0,0,173,119,54,1,1,0,0,0,0,0,0,0,58,43,15,44,26,18,"296,936","184,973"
서울,특수학교,32,852,0,852,"4,482","2,996","1,486",0,0,0,"4,482","2,996","1,486","1,687",473,"1,214","1,324",335,989,363,138,225,26,6,20,365,215,150,"1,138",239,899,"1,460",942,518,"1,385",930,455,61,38,23,14,9,5,0,0,270,203,67,0,0,0,0,0,0,0,0,0,0,0,0,0,0,0,0,0,0,0,0,0,0,0,0,0,0,0,"196,424","37,273"
서울,고등기술학교,1,2,2,0,12,7,5,12,7,5,0,0,0,2,1,1,2,1,1,0,0,0,0,0,0,1,1,0,1,1,0,12,7,5,11,2,9,0,0,0,2,0,2,0,0,9,2,7,0,0,0,0,0,0,0,0,0,0,0,0,0,0,0,0,0,0,0,0,0,0,0,0,0,0,0,"1,769",0
서울,각종학교,17,212,212,0,"3,342",861,"2,481","3,342",861,"2,481",0,0,0,471,138,333,288,76,212,183,62,121,116,34,82,74,34,40,143,49,94,"1,105",272,833,"1,066",278,788,"1,001",251,750,11,6,5,1,1,53,20,33,0,0,0,0,0,0,0,0,0,0,0,0,0,0,0,0,0,0,0,0,0,398,196,202,0,0,0,"76,722","27,822"
서울,소계,"2,092","37,287","34,701","2,586","780,466","401,078","379,388","767,706","392,260","375,446","12,760","8,818","3,942","70,816","15,679","55,137","59,671","12,656","47,015","11,145","3,023","8,122","3,807","1,134","2,673","7,573","3,480","4,093","26,943","5,160","21,783","202,746","104,646","98,100","221,913","114,771","107,142","128,405","66,377","62,028",27,15,12,1,1,567,332,235,"11,384","5,583","5,801",329,156,173,"3,562","1,781","1,781","4,072","1,905","2,167",21,16,5,4,2,2,"3,396","1,723","1,673","23,752","11,983","11,769","4,325","2,191","2,134","11,411,575","7,399,723"
부산,유치원,363,"1,758","1,682",76,"30,743","15,658","15,085","30,525","15,504","15,021",218,154,64,"3,348",71,"3,277","2,835",67,"2,768",513,4,509,1,0,1,254,104,150,"1,590",492,"1,098","13,873","7,093","6,780","11,931","6,048","5,883",0,0,0,0,0,0,0,0,0,0,0,0,0,0,0,0,0,0,0,0,0,0,0,0,0,0,0,0,0,0,0,0,418,207,211,0,0,0,"220,467","72,882"
부산,초등학교,302,"6,592","6,189",403,"130,135","66,475","63,660","128,088","65,027","63,061","2,047","1,448",599,"10,217","2,173","8,044","9,665","2,073","7,592",552,100,452,74,23,51,"1,169",326,843,"5,188",766,"4,422","16,944","8,598","8,346","24,621","12,622","11,999","24,616","12,620","11,996",0,0,0,0,0,5,2,3,708,377,331,34,22,12,401,211,190,0,0,0,0,0,0,0,0,0,273,144,129,"4,528","2,237","2,291",303,159,144,"2,362,741","1,447,513"
부산,중학교,171,"3,159","3,007",152,"77,704","39,754","37,950","76,928","39,241","37,687",776,513,263,"6,227","1,601","4,626","4,595","1,188","3,407","1,632",413,"1,219",324,100,224,609,208,401,"2,375",449,"1,926","24,576","12,574","12,002","25,388","13,065","12,323","25,246","12,995","12,251",0,0,0,0,0,142,70,72,516,225,291,52,28,24,106,49,57,0,0,0,0,0,0,0,0,0,358,148,210,"2,097","1,045","1,052",89,40,49,"1,404,415","884,999"
부산,고등학교,142,"3,342","3,237",105,"70,340","36,359","33,981","69,611","35,873","33,738",729,486,243,"7,496","2,922","4,574","5,000","2,002","2,998","2,496",920,"1,576",170,56,114,959,496,463,"2,288",666,"1,622","25,194","13,004","12,190","24,291","12,546","11,745",0,0,0,0,0,0,0,0,0,0,0,"1,329",604,725,4,1,3,0,0,0,"1,316",595,721,8,8,0,1,0,1,0,0,0,"1,441",701,740,35,16,19,"1,806,733","1,089,717"
부산,(일반고),91,"2,178","2,099",79,"47,822","23,346","24,476","47,278","22,992","24,286",544,354,190,"4,873","1,853","3,020","3,347","1,292","2,055","1,526",561,965,122,36,86,500,248,252,"1,347",336,"1,011","17,047","8,281","8,766","16,897","8,286","8,611",0,0,0,0,0,0,0,0,0,0,0,725,282,443,3,0,3,0,0,0,722,282,440,0,0,0,0,0,0,0,0,0,655,271,384,33,16,17,"956,078","751,177"
부산,(특목고),13,297,296,1,"5,830","3,056","2,774","5,823","3,052","2,771",7,4,3,708,307,401,514,229,285,194,78,116,27,12,15,202,103,99,362,134,228,"1,985","1,045",940,"1,931",991,940,0,0,0,0,0,0,0,0,0,0,0,87,32,55,0,0,0,0,0,0,87,32,55,0,0,0,0,0,0,0,0,0,114,84,30,1,0,1,"379,872","107,124"
부산,(특성화고),32,739,719,20,"13,898","8,296","5,602","13,753","8,192","5,561",145,104,41,"1,623",659,964,921,404,517,702,255,447,15,7,8,223,127,96,471,167,304,"5,140","3,052","2,088","4,513","2,720","1,793",0,0,0,0,0,0,0,0,0,0,0,480,266,214,1,1,0,0,0,0,470,257,213,8,8,0,1,0,1,0,0,0,635,318,317,1,0,1,"356,164","180,810"
부산,(자율고),6,128,123,5,"2,790","1,661","1,129","2,757","1,637","1,120",33,24,9,292,103,189,218,77,141,74,26,48,6,1,5,34,18,16,108,29,79,"1,022",626,396,950,549,401,0,0,0,0,0,0,0,0,0,0,0,37,24,13,0,0,0,0,0,0,37,24,13,0,0,0,0,0,0,0,0,0,37,28,9,0,0,0,"114,619","50,606"
부산,특수학교,16,408,0,408,"2,210","1,531",679,0,0,0,"2,210","1,531",679,840,227,613,576,150,426,264,77,187,5,1,4,139,92,47,557,122,435,678,477,201,614,421,193,6,3,3,5,3,2,0,0,146,101,45,0,0,0,0,0,0,0,0,0,0,0,0,0,0,0,0,0,0,0,0,0,0,0,0,0,0,0,"114,025","23,086"
부산,고등기술학교,1,9,9,0,148,53,95,148,53,95,0,0,0,23,10,13,11,8,3,12,2,10,0,0,0,5,1,4,8,2,6,46,13,33,26,7,19,16,4,12,5,1,4,0,0,5,2,3,0,0,0,0,0,0,0,0,0,0,0,0,0,0,0,0,0,0,0,0,0,0,0,0,0,0,0,"1,006",797
부산,각종학교,5,32,32,0,71,42,29,71,42,29,0,0,0,85,27,58,51,19,32,34,8,26,14,6,8,18,10,8,41,15,26,27,18,9,25,11,14,25,11,14,0,0,0,0,0,0,0,0,0,0,0,0,0,0,0,0,0,0,0,0,0,0,0,0,0,0,0,0,0,5,2,3,0,0,0,"10,739","13,584"
부산,소계,"1,000","15,300","14,156","1,144","311,351","159,872","151,479","305,371","155,740","149,631","5,980","4,132","1,848","28,236","7,031","21,205","22,733","5,507","17,226","5,503","1,524","3,979",588,186,402,"3,153","1,237","1,916","12,047","2,512","9,535","81,338","41,777","39,561","86,896","44,720","42,176","49,909","25,633","24,276",10,4,6,0,0,298,175,123,"2,553","1,206","1,347",90,51,39,507,260,247,"1,316",595,721,8,8,0,1,0,1,631,292,339,"8,489","4,192","4,297",427,215,212,"5,920,126","3,532,578"
대구,유치원,286,"1,460","1,400",60,"27,255","13,867","13,388","27,031","13,696","13,335",224,171,53,"2,931",60,"2,871","2,651",59,"2,592",280,1,279,0,0,0,208,76,132,"1,392",369,"1,023","11,530","5,833","5,697","10,984","5,727","5,257",0,0,0,0,0,0,0,0,0,0,0,0,0,0,0,0,0,0,0,0,0,0,0,0,0,0,0,0,0,0,0,0,335,167,168,0,0,0,"180,335","51,723"
대구,초등학교,232,"5,149","4,859",290,"105,332","53,873","51,459","103,802","52,779","51,023","1,530","1,094",436,"8,260","1,601","6,659","7,949","1,567","6,382",311,34,277,115,21,94,742,144,598,"4,001",354,"3,647","14,217","7,409","6,808","19,658","9,957","9,701","19,649","9,952","9,697",0,0,0,0,0,9,5,4,422,223,199,15,13,2,261,132,129,0,0,0,0,0,0,0,0,0,146,78,68,"3,911","1,985","1,926",201,114,87,"1,764,155","1,348,032"
대구,중학교,126,"2,476","2,365",111,"62,465","31,829","30,636","61,859","31,428","30,431",606,401,205,"5,129","1,448","3,681","4,025","1,092","2,933","1,104",356,748,159,80,79,413,169,244,"1,804",297,"1,507","19,669","9,946","9,723","20,730","10,702","10,028","20,663","10,669","9,994",1,1,0,0,0,66,32,34,289,130,159,36,10,26,63,27,36,0,0,0,0,0,0,0,0,0,190,93,97,"1,602",774,828,59,26,33,"888,866","702,517"
대구,고등학교,96,"2,514","2,452",62,"58,411","30,174","28,237","58,020","29,909","28,111",391,265,126,"5,841","2,666","3,175","4,206","2,057","2,149","1,635",609,"1,026",105,27,78,576,320,256,"1,766",469,"1,297","20,478","10,522","9,956","20,588","10,631","9,957",0,0,0,0,0,0,0,0,0,0,0,"1,085",483,602,1,1,0,0,0,0,"1,075",473,602,9,9,0,0,0,0,0,0,0,"1,166",544,622,13,6,7,"1,559,182","989,624"
대구,(일반고),61,"1,629","1,589",40,"39,376","20,353","19,023","39,113","20,174","18,939",263,179,84,"3,700","1,687","2,013","2,599","1,282","1,317","1,101",405,696,39,7,32,306,174,132,987,247,740,"13,595","7,009","6,586","14,224","7,212","7,012",0,0,0,0,0,0,0,0,0,0,0,514,199,315,1,1,0,0,0,0,512,197,315,1,1,0,0,0,0,0,0,0,507,208,299,12,6,6,"870,392","703,919"
대구,(특목고),11,219,217,2,"4,479","2,668","1,811","4,466","2,658","1,808",13,10,3,603,285,318,488,235,253,115,50,65,24,7,17,104,53,51,323,93,230,"1,567",923,644,"1,503",931,572,0,0,0,0,0,0,0,0,0,0,0,96,51,45,0,0,0,0,0,0,95,50,45,1,1,0,0,0,0,0,0,0,114,81,33,0,0,0,"327,236","91,179"
대구,(특성화고),15,432,428,4,"8,503","4,963","3,540","8,484","4,948","3,536",19,15,4,995,504,491,640,373,267,355,131,224,19,7,12,118,76,42,251,97,154,"3,154","1,845","1,309","2,983","1,756","1,227",0,0,0,0,0,0,0,0,0,0,0,400,209,191,0,0,0,0,0,0,393,202,191,7,7,0,0,0,0,0,0,0,449,216,233,0,0,0,"233,460","123,438"
대구,(자율고),9,234,218,16,"6,053","2,190","3,863","5,957","2,129","3,828",96,61,35,543,190,353,479,167,312,64,23,41,23,6,17,48,17,31,205,32,173,"2,162",745,"1,417","1,878",732,"1,146",0,0,0,0,0,0,0,0,0,0,0,75,24,51,0,0,0,0,0,0,75,24,51,0,0,0,0,0,0,0,0,0,96,39,57,1,0,1,"128,094","71,088"
대구,특수학교,11,349,0,349,"2,077","1,387",690,0,0,0,"2,077","1,387",690,720,242,478,465,148,317,255,94,161,2,0,2,77,35,42,446,46,400,600,407,193,565,385,180,7,4,3,13,7,6,0,0,150,99,51,0,0,0,0,0,0,0,0,0,0,0,0,0,0,0,0,0,0,0,0,0,0,0,0,0,0,0,"108,682","30,956"
대구,각종학교,4,29,29,0,144,78,66,144,78,66,0,0,0,101,33,68,85,31,54,16,2,14,7,1,6,15,2,13,37,4,33,49,25,24,48,27,21,29,13,16,0,0,0,1,1,18,13,5,0,0,0,0,0,0,0,0,0,0,0,0,0,0,0,0,0,0,0,0,0,15,5,10,0,0,0,"15,769","8,067"
대구,소계,755,"11,977","11,105",872,"255,684","131,208","124,476","250,856","127,890","122,966","4,828","3,318","1,510","22,982","6,050","16,932","19,381","4,954","14,427","3,601","1,096","2,505",388,129,259,"2,031",746,"1,285","9,446","1,539","7,907","66,543","34,142","32,401","72,573","37,429","35,144","40,348","20,638","19,710",14,8,6,1,1,243,149,94,"1,796",836,960,52,24,28,324,159,165,"1,075",473,602,9,9,0,0,0,0,336,171,165,"7,029","3,475","3,554",273,146,127,"4,516,989","3,130,919"
인천,유치원,391,"1,964","1,838",126,"33,179","16,828","16,351","32,734","16,530","16,204",445,298,147,"3,109",51,"3,058","2,964",50,"2,914",145,1,144,13,0,13,267,108,159,"2,314",465,"1,849","14,061","7,165","6,896","13,327","6,905","6,422",0,0,0,0,0,0,0,0,0,0,0,0,0,0,0,0,0,0,0,0,0,0,0,0,0,0,0,0,0,0,0,0,724,374,350,0,0,0,"180,093","52,419"
인천,초등학교,269,"6,909","6,337",572,"138,837","71,046","67,791","136,035","69,099","66,936","2,802","1,947",855,"10,370","2,636","7,734","9,347","2,405","6,942","1,023",231,792,180,35,145,940,254,686,"4,895",482,"4,413","19,696","10,170","9,526","25,715","13,075","12,640","25,708","13,071","12,637",0,0,0,0,0,7,4,3,798,425,373,15,10,5,456,235,221,0,0,0,0,0,0,0,0,0,327,180,147,"9,974","5,156","4,818",353,186,167,"2,190,249","1,244,228"
인천,중학교,147,"3,194","2,982",212,"81,567","41,750","39,817","80,468","41,018","39,450","1,099",732,367,"6,390","1,746","4,644","4,813","1,280","3,533","1,577",466,"1,111",42,8,34,503,177,326,"2,154",300,"1,854","25,739","13,091","12,648","26,802","13,751","13,051","26,681","13,708","12,973",0,0,0,0,0,121,43,78,535,231,304,38,23,15,166,77,89,0,0,0,0,0,0,0,0,0,331,131,200,"3,890","1,937","1,953",156,81,75,"1,237,167","724,562"
인천,고등학교,129,"3,213","3,080",133,"75,229","38,681","36,548","74,423","38,137","36,286",806,544,262,"7,432","2,748","4,684","5,631","2,078","3,553","1,801",670,"1,131",224,78,146,573,255,318,"1,966",374,"1,592","26,654","13,703","12,951","25,835","13,304","12,531",0,0,0,0,0,0,0,0,0,0,0,"1,517",692,825,0,0,0,0,0,0,"1,496",675,821,20,16,4,1,1,0,0,0,0,"2,549","1,218","1,331",50,24,26,"1,640,298","806,605"
인천,(일반고),83,"2,160","2,059",101,"55,250","27,736","27,514","54,656","27,376","27,280",594,360,234,"4,795","1,649","3,146","3,661","1,231","2,430","1,134",418,716,129,40,89,328,144,184,"1,271",220,"1,051","19,460","9,797","9,663","19,237","9,616","9,621",0,0,0,0,0,0,0,0,0,0,0,929,407,522,0,0,0,0,0,0,925,405,520,4,2,2,0,0,0,0,0,0,"1,309",581,728,47,22,25,"861,659","516,582"
인천,(특목고),10,181,181,0,"3,715","1,798","1,917","3,715","1,798","1,917",0,0,0,560,232,328,466,199,267,94,33,61,18,9,9,69,34,35,192,46,146,"1,311",633,678,"1,173",598,575,0,0,0,0,0,0,0,0,0,0,0,49,20,29,0,0,0,0,0,0,49,20,29,0,0,0,0,0,0,0,0,0,101,43,58,1,0,1,"244,831","76,160"
인천,(특성화고),28,673,653,20,"11,518","5,958","5,560","11,380","5,842","5,538",138,116,22,"1,635",681,954,"1,148",498,650,487,183,304,66,25,41,140,61,79,380,89,291,"4,274","2,181","2,093","3,738","1,918","1,820",0,0,0,0,0,0,0,0,0,0,0,486,235,251,0,0,0,0,0,0,471,222,249,15,13,2,0,0,0,0,0,0,"1,016",502,514,1,1,0,"383,597","149,218"
인천,(자율고),8,199,187,12,"4,746","3,189","1,557","4,672","3,121","1,551",74,68,6,442,186,256,356,150,206,86,36,50,11,4,7,36,16,20,123,19,104,"1,609","1,092",517,"1,687","1,172",515,0,0,0,0,0,0,0,0,0,0,0,53,30,23,0,0,0,0,0,0,51,28,23,1,1,0,1,1,0,0,0,0,123,92,31,1,1,0,"150,211","64,645"
인천,특수학교,10,364,0,364,"2,027","1,404",623,0,0,0,"2,027","1,404",623,728,243,485,529,164,365,199,79,120,6,0,6,53,19,34,388,28,360,651,434,217,626,429,197,4,2,2,9,6,3,0,0,123,87,36,0,0,0,0,0,0,0,0,0,0,0,0,0,0,0,0,0,0,0,0,0,0,0,0,0,0,0,"71,136","14,782"
인천,각종학교,5,34,34,0,158,70,88,158,70,88,0,0,0,102,31,71,87,27,60,15,4,11,9,3,6,14,6,8,31,7,24,56,26,30,15,8,7,13,7,6,0,0,0,0,0,2,1,1,0,0,0,0,0,0,0,0,0,0,0,0,0,0,0,0,0,0,0,0,0,38,14,24,0,0,0,"22,841","10,924"
인천,소계,951,"15,678","14,271","1,407","330,997","169,779","161,218","323,818","164,854","158,964","7,179","4,925","2,254","28,131","7,455","20,676","23,371","6,004","17,367","4,760","1,451","3,309",474,124,350,"2,350",819,"1,531","11,748","1,656","10,092","86,857","44,589","42,268","92,320","47,472","44,848","52,406","26,788","25,618",9,6,3,0,0,253,135,118,"2,850","1,348","1,502",53,33,20,622,312,310,"1,496",675,821,20,16,4,1,1,0,658,311,347,"17,175","8,699","8,476",559,291,268,"5,341,784","2,853,520"
광주,유치원,258,"1,068","1,034",34,"17,480","8,931","8,549","17,371","8,848","8,523",109,83,26,"1,875",27,"1,848","1,561",26,"1,535",314,1,313,0,0,0,123,57,66,669,223,446,"6,954","3,567","3,387","6,875","3,407","3,468",0,0,0,0,0,0,0,0,0,0,0,0,0,0,0,0,0,0,0,0,0,0,0,0,0,0,0,0,0,0,0,0,219,117,102,0,0,0,"130,687","44,510"
광주,초등학교,157,"3,755","3,577",178,"68,664","34,992","33,672","67,858","34,420","33,438",806,572,234,"5,803","1,137","4,666","5,615","1,121","4,494",188,16,172,122,28,94,537,171,366,"2,695",318,"2,377","9,227","4,607","4,620","13,303","6,821","6,482","13,300","6,820","6,480",0,0,0,0,0,3,1,2,322,185,137,53,30,23,144,85,59,0,0,0,0,0,0,0,0,0,125,70,55,"3,169","1,669","1,500",92,50,42,"1,469,442","714,394"
광주,중학교,91,"1,779","1,698",81,"41,770","21,467","20,303","41,404","21,219","20,185",366,248,118,"3,464",858,"2,606","2,634",632,"2,002",830,226,604,129,29,100,330,159,171,"1,240",260,980,"13,099","6,703","6,396","14,323","7,343","6,980","14,272","7,311","6,961",0,0,0,0,0,51,32,19,259,120,139,39,20,19,42,21,21,0,0,0,0,0,0,0,0,0,178,79,99,"1,384",714,670,24,14,10,"829,165","460,732"
광주,고등학교,68,"1,759","1,707",52,"40,280","20,615","19,665","39,946","20,391","19,555",334,224,110,"3,909","1,746","2,163","2,685","1,300","1,385","1,224",446,778,64,18,46,380,240,140,"1,041",302,739,"14,155","7,223","6,932","14,396","7,587","6,809",0,0,0,0,0,0,0,0,0,0,0,977,471,506,0,0,0,0,0,0,967,461,506,9,9,0,0,0,0,1,1,0,895,396,499,8,6,2,"1,460,106","636,372"
광주,(일반고),47,"1,284","1,253",31,"30,714","14,845","15,869","30,514","14,729","15,785",200,116,84,"2,764","1,230","1,534","1,817",885,932,947,345,602,34,9,25,263,172,91,679,204,475,"10,815","5,214","5,601","11,053","5,482","5,571",0,0,0,0,0,0,0,0,0,0,0,676,299,377,0,0,0,0,0,0,675,298,377,1,1,0,0,0,0,0,0,0,463,183,280,6,4,2,"945,347","452,011"
광주,(특목고),5,68,68,0,"1,307",751,556,"1,307",751,556,0,0,0,215,95,120,180,82,98,35,13,22,11,2,9,28,15,13,100,28,72,444,255,189,439,272,167,0,0,0,0,0,0,0,0,0,0,0,15,6,9,0,0,0,0,0,0,15,6,9,0,0,0,0,0,0,0,0,0,23,14,9,0,0,0,"103,835","46,944"
광주,(특성화고),11,271,259,12,"5,033","2,802","2,231","4,955","2,738","2,217",78,64,14,627,296,331,429,224,205,198,72,126,6,2,4,67,44,23,179,54,125,"1,775",978,797,"1,705","1,002",703,0,0,0,0,0,0,0,0,0,0,0,206,115,91,0,0,0,0,0,0,197,106,91,8,8,0,0,0,0,1,1,0,377,180,197,0,0,0,"324,902","95,555"
광주,(자율고),5,136,127,9,"3,226","2,217","1,009","3,170","2,173",997,56,44,12,303,125,178,259,109,150,44,16,28,13,5,8,22,9,13,83,16,67,"1,121",776,345,"1,199",831,368,0,0,0,0,0,0,0,0,0,0,0,80,51,29,0,0,0,0,0,0,80,51,29,0,0,0,0,0,0,0,0,0,32,19,13,2,2,0,"86,022","41,862"
광주,특수학교,6,279,0,279,"1,469",987,482,0,0,0,"1,469",987,482,538,132,406,358,84,274,180,48,132,5,1,4,42,14,28,263,43,220,400,272,128,378,242,136,12,5,7,4,3,1,0,0,80,48,32,0,0,0,0,0,0,0,0,0,0,0,0,0,0,0,0,0,0,0,0,0,0,0,0,0,0,0,"92,692","14,739"
광주,고등기술학교,1,2,2,0,27,3,24,27,3,24,0,0,0,0,0,0,0,0,0,0,0,0,4,0,4,1,1,0,1,1,0,27,3,24,11,2,9,0,0,0,11,2,9,0,0,0,0,0,0,0,0,0,0,0,0,0,0,0,0,0,0,0,0,0,0,0,0,0,0,0,0,0,0,0,0,"1,418",750
광주,각종학교,3,24,24,0,539,308,231,539,308,231,0,0,0,61,24,37,41,18,23,20,6,14,12,3,9,7,3,4,20,3,17,150,86,64,143,86,57,143,86,57,0,0,0,0,0,0,0,0,0,0,0,0,0,0,0,0,0,0,0,0,0,0,0,0,0,0,0,0,0,2,2,0,0,0,0,"18,343","8,506"
광주,소계,584,"8,666","8,042",624,"170,229","87,303","82,926","167,145","85,189","81,956","3,084","2,114",970,"15,650","3,924","11,726","12,894","3,181","9,713","2,756",743,"2,013",336,79,257,"1,420",645,775,"5,929","1,150","4,779","44,012","22,461","21,551","49,429","25,488","23,941","27,727","14,222","13,505",15,5,10,0,0,134,81,53,"1,558",776,782,92,50,42,186,106,80,967,461,506,9,9,0,0,0,0,304,150,154,"5,669","2,898","2,771",124,70,54,"4,001,853","1,880,003"
대전,유치원,237,"1,084","1,025",59,"17,192","8,855","8,337","16,985","8,703","8,282",207,152,55,"1,926",45,"1,881","1,772",42,"1,730",154,3,151,5,0,5,115,53,62,947,223,724,"6,802","3,503","3,299","6,392","3,199","3,193",0,0,0,0,0,0,0,0,0,0,0,0,0,0,0,0,0,0,0,0,0,0,0,0,0,0,0,0,0,0,0,0,230,114,116,0,0,0,"126,199","39,955"
대전,초등학교,151,"3,537","3,317",220,"63,488","32,504","30,984","62,419","31,747","30,672","1,069",757,312,"5,713",674,"5,039","5,464",628,"4,836",249,46,203,122,12,110,499,151,348,"2,646",404,"2,242","8,444","4,228","4,216","12,310","6,246","6,064","12,310","6,246","6,064",0,0,0,0,0,0,0,0,405,209,196,33,17,16,244,117,127,0,0,0,0,0,0,0,0,0,128,75,53,"2,311","1,162","1,149",209,105,104,"1,412,805","791,836"
대전,중학교,90,"1,622","1,536",86,"38,820","19,890","18,930","38,449","19,654","18,795",371,236,135,"3,273",824,"2,449","2,739",661,"2,078",534,163,371,28,8,20,307,137,170,"1,161",267,894,"12,303","6,250","6,053","13,071","6,785","6,286","13,014","6,758","6,256",0,0,0,0,0,57,27,30,300,131,169,59,23,36,76,31,45,0,0,0,0,0,0,0,0,0,165,77,88,"1,067",512,555,81,33,48,"736,778","512,196"
대전,고등학교,62,"1,799","1,740",59,"37,592","19,631","17,961","37,245","19,411","17,834",347,220,127,"3,957","1,781","2,176","3,102","1,457","1,645",855,324,531,93,35,58,328,182,146,"1,117",297,820,"13,130","6,856","6,274","13,312","6,960","6,352",0,0,0,0,0,0,0,0,0,0,0,781,404,377,1,0,1,1,0,1,773,400,373,6,4,2,0,0,0,0,0,0,655,317,338,15,11,4,"1,002,739","537,821"
대전,(일반고),39,"1,149","1,111",38,"24,680","11,611","13,069","24,455","11,475","12,980",225,136,89,"2,452","1,083","1,369","1,933",879,"1,054",519,204,315,73,24,49,183,104,79,649,154,495,"8,547","4,028","4,519","9,201","4,361","4,840",0,0,0,0,0,0,0,0,0,0,0,402,179,223,1,0,1,1,0,1,399,179,220,1,0,1,0,0,0,0,0,0,313,153,160,10,6,4,"512,727","295,826"
대전,(특목고),6,114,114,0,"2,132","1,302",830,"2,132","1,302",830,0,0,0,337,164,173,291,146,145,46,18,28,8,4,4,40,19,21,138,46,92,746,461,285,667,425,242,0,0,0,0,0,0,0,0,0,0,0,29,17,12,0,0,0,0,0,0,27,15,12,2,2,0,0,0,0,0,0,0,43,31,12,0,0,0,"193,755","96,503"
대전,(특성화고),10,296,287,9,"4,436","2,130","2,306","4,376","2,086","2,290",60,44,16,641,290,351,450,226,224,191,64,127,7,5,2,71,39,32,190,60,130,"1,678",814,864,"1,392",677,715,0,0,0,0,0,0,0,0,0,0,0,243,121,122,0,0,0,0,0,0,240,119,121,3,2,1,0,0,0,0,0,0,247,101,146,0,0,0,"166,979","74,827"
대전,(자율고),7,240,228,12,"6,344","4,588","1,756","6,282","4,548","1,734",62,40,22,527,244,283,428,206,222,99,38,61,5,2,3,34,20,14,140,37,103,"2,159","1,553",606,"2,052","1,497",555,0,0,0,0,0,0,0,0,0,0,0,107,87,20,0,0,0,0,0,0,107,87,20,0,0,0,0,0,0,0,0,0,52,32,20,5,5,0,"129,278","70,665"
대전,특수학교,6,208,0,208,"1,185",826,359,0,0,0,"1,185",826,359,446,109,337,324,70,254,122,39,83,5,2,3,48,25,23,290,49,241,400,267,133,342,214,128,5,5,0,15,14,1,0,0,62,41,21,0,0,0,0,0,0,0,0,0,0,0,0,0,0,0,0,0,0,0,0,0,0,0,0,0,0,0,"56,760","13,674"
대전,각종학교,6,36,36,0,310,153,157,310,153,157,0,0,0,90,31,59,79,29,50,11,2,9,22,5,17,12,7,5,36,12,24,111,44,67,86,34,52,83,31,52,0,0,0,0,0,3,3,0,0,0,0,0,0,0,0,0,0,0,0,0,0,0,0,0,0,0,0,0,0,13,11,2,0,0,0,"19,366","2,030"
대전,소계,552,"8,286","7,654",632,"158,587","81,859","76,728","155,408","79,668","75,740","3,179","2,191",988,"15,405","3,464","11,941","13,480","2,887","10,593","1,925",577,"1,348",275,62,213,"1,309",555,754,"6,197","1,252","4,945","41,190","21,148","20,042","45,513","23,438","22,075","25,412","13,040","12,372",15,14,1,0,0,122,71,51,"1,486",744,742,93,40,53,321,148,173,773,400,373,6,4,2,0,0,0,293,152,141,"4,276","2,116","2,160",305,149,156,"3,354,647","1,897,512"
울산,유치원,179,706,660,46,"11,687","5,893","5,794","11,544","5,789","5,755",143,104,39,"1,146",23,"1,123","1,030",23,"1,007",116,0,116,0,0,0,90,34,56,694,166,528,"5,141","2,628","2,513","4,756","2,420","2,336",0,0,0,0,0,0,0,0,0,0,0,0,0,0,0,0,0,0,0,0,0,0,0,0,0,0,0,0,0,0,0,0,228,121,107,0,0,0,"76,482","32,354"
울산,초등학교,123,"2,771","2,574",197,"54,213","27,937","26,276","53,207","27,246","25,961","1,006",691,315,"4,315",992,"3,323","4,026",912,"3,114",289,80,209,44,13,31,416,103,313,"2,279",287,"1,992","7,012","3,586","3,426","10,529","5,346","5,183","10,528","5,345","5,183",0,0,0,0,0,1,1,0,211,116,95,6,4,2,162,87,75,0,0,0,0,0,0,0,0,0,43,25,18,"2,414","1,212","1,202",98,56,42,"1,170,037","622,164"
울산,중학교,64,"1,327","1,244",83,"32,991","16,923","16,068","32,578","16,654","15,924",413,269,144,"2,746",622,"2,124","2,112",463,"1,649",634,159,475,23,3,20,206,64,142,995,164,831,"10,466","5,319","5,147","10,944","5,709","5,235","10,916","5,696","5,220",0,0,0,0,0,28,13,15,124,53,71,9,3,6,53,25,28,0,0,0,0,0,0,0,0,0,62,25,37,"1,048",548,500,36,18,18,"628,848","366,415"
울산,고등학교,57,"1,307","1,251",56,"31,028","16,174","14,854","30,713","15,952","14,761",315,222,93,"2,920",991,"1,929","2,412",826,"1,586",508,165,343,59,14,45,260,96,164,981,220,761,"10,768","5,594","5,174","10,722","5,558","5,164",0,0,0,0,0,0,0,0,0,0,0,415,164,251,0,0,0,0,0,0,408,160,248,7,4,3,0,0,0,0,0,0,771,390,381,6,4,2,"925,851","450,670"
울산,(일반고),42,987,940,47,"24,873","12,428","12,445","24,611","12,247","12,364",262,181,81,"2,145",699,"1,446","1,806",600,"1,206",339,99,240,45,11,34,181,58,123,658,121,537,"8,572","4,255","4,317","8,770","4,340","4,430",0,0,0,0,0,0,0,0,0,0,0,245,85,160,0,0,0,0,0,0,243,83,160,2,2,0,0,0,0,0,0,0,492,236,256,6,4,2,"593,482","269,341"
울산,(특목고),6,97,96,1,"1,808","1,182",626,"1,805","1,179",626,3,3,0,263,121,142,221,104,117,42,17,25,5,0,5,32,15,17,153,60,93,665,417,248,543,398,145,0,0,0,0,0,0,0,0,0,0,0,7,3,4,0,0,0,0,0,0,7,3,4,0,0,0,0,0,0,0,0,0,49,41,8,0,0,0,"160,243","103,236"
울산,(특성화고),8,205,197,8,"3,821","2,313","1,508","3,771","2,275","1,496",50,38,12,457,142,315,344,97,247,113,45,68,9,3,6,42,20,22,156,33,123,"1,348",829,519,"1,225",727,498,0,0,0,0,0,0,0,0,0,0,0,152,73,79,0,0,0,0,0,0,147,71,76,5,2,3,0,0,0,0,0,0,227,113,114,0,0,0,"163,855","59,572"
울산,(자율고),1,18,18,0,526,251,275,526,251,275,0,0,0,55,29,26,41,25,16,14,4,10,0,0,0,5,3,2,14,6,8,183,93,90,184,93,91,0,0,0,0,0,0,0,0,0,0,0,11,3,8,0,0,0,0,0,0,11,3,8,0,0,0,0,0,0,0,0,0,3,0,3,0,0,0,"8,271","18,521"
울산,특수학교,4,154,0,154,840,580,260,0,0,0,840,580,260,295,81,214,203,41,162,92,40,52,1,0,1,41,29,12,193,35,158,273,184,89,240,158,82,0,0,0,0,0,0,0,0,55,36,19,0,0,0,0,0,0,0,0,0,0,0,0,0,0,0,0,0,0,0,0,0,0,0,0,0,0,0,"87,858","12,672"
울산,각종학교,3,13,13,0,71,35,36,71,35,36,0,0,0,35,12,23,28,11,17,7,1,6,0,0,0,6,0,6,19,2,17,32,18,14,17,8,9,16,7,9,0,0,0,0,0,1,1,0,0,0,0,0,0,0,0,0,0,0,0,0,0,0,0,0,0,0,0,0,0,2,1,1,0,0,0,"8,224","3,994"
울산,소계,430,"6,278","5,742",536,"130,830","67,542","63,288","128,113","65,676","62,437","2,717","1,866",851,"11,457","2,721","8,736","9,811","2,276","7,535","1,646",445,"1,201",127,30,97,"1,019",326,693,"5,161",874,"4,287","33,692","17,329","16,363","37,208","19,199","18,009","21,460","11,048","10,412",0,0,0,0,0,85,51,34,750,333,417,15,7,8,215,112,103,408,160,248,7,4,3,0,0,0,105,50,55,"4,463","2,272","2,191",140,78,62,"2,897,300","1,488,269"
세종,유치원,64,432,386,46,"5,491","2,766","2,725","5,358","2,668","2,690",133,98,35,"1,107",11,"1,096",588,10,578,519,1,518,0,0,0,103,16,87,463,49,414,"2,197","1,067","1,130","2,373","1,213","1,160",0,0,0,0,0,0,0,0,0,0,0,0,0,0,0,0,0,0,0,0,0,0,0,0,0,0,0,0,0,0,0,0,150,68,82,0,0,0,"94,759","6,555"
세종,초등학교,55,"1,585","1,492",93,"29,300","14,975","14,325","28,885","14,668","14,217",415,307,108,"2,508",506,"2,002","2,272",469,"1,803",236,37,199,44,11,33,198,73,125,"1,184",200,984,"4,018","2,046","1,972","5,294","2,685","2,609","5,294","2,685","2,609",0,0,0,0,0,0,0,0,501,258,243,24,16,8,356,176,180,0,0,0,0,0,0,0,0,0,121,66,55,564,303,261,385,190,195,"594,732","231,319"
세종,중학교,28,658,624,34,"16,446","8,395","8,051","16,311","8,298","8,013",135,97,38,"1,372",360,"1,012","1,083",292,791,289,68,221,31,8,23,99,33,66,480,103,377,"5,273","2,676","2,597","5,274","2,718","2,556","5,253","2,708","2,545",0,0,0,0,0,21,10,11,178,78,100,21,9,12,93,45,48,0,0,0,0,0,0,0,0,0,64,24,40,221,116,105,99,46,53,"356,140","129,496"
세종,고등학교,22,602,585,17,"14,615","7,268","7,347","14,535","7,218","7,317",80,50,30,"1,430",487,943,"1,182",424,758,248,63,185,69,24,45,118,38,80,477,120,357,"5,153","2,614","2,539","4,531","2,207","2,324",0,0,0,0,0,0,0,0,0,0,0,356,164,192,0,0,0,0,0,0,350,158,192,5,5,0,1,1,0,0,0,0,142,70,72,25,10,15,"358,864","111,905"
세종,(일반고),16,490,476,14,"12,450","6,314","6,136","12,383","6,274","6,109",67,40,27,"1,127",382,745,926,329,597,201,53,148,55,19,36,86,21,65,344,77,267,"4,282","2,234","2,048","4,070","1,985","2,085",0,0,0,0,0,0,0,0,0,0,0,304,137,167,0,0,0,0,0,0,299,132,167,4,4,0,1,1,0,0,0,0,105,56,49,22,7,15,"193,060","66,688"
세종,(특목고),3,45,45,0,787,316,471,787,316,471,0,0,0,149,56,93,135,54,81,14,2,12,10,4,6,15,5,10,68,18,50,270,113,157,257,100,157,0,0,0,0,0,0,0,0,0,0,0,6,1,5,0,0,0,0,0,0,6,1,5,0,0,0,0,0,0,0,0,0,7,1,6,0,0,0,"48,387","14,336"
세종,(특성화고),2,38,36,2,625,304,321,615,296,319,10,8,2,91,28,63,65,22,43,26,6,20,4,1,3,12,10,2,43,18,25,228,109,119,204,122,82,0,0,0,0,0,0,0,0,0,0,0,23,11,12,0,0,0,0,0,0,22,10,12,1,1,0,0,0,0,0,0,0,26,12,14,0,0,0,"53,160","11,868"
세종,(자율고),1,29,28,1,753,334,419,750,332,418,3,2,1,63,21,42,56,19,37,7,2,5,0,0,0,5,2,3,22,7,15,373,158,215,0,0,0,0,0,0,0,0,0,0,0,0,0,0,23,15,8,0,0,0,0,0,0,23,15,8,0,0,0,0,0,0,0,0,0,4,1,3,3,3,0,"64,257","19,013"
세종,특수학교,2,66,0,66,369,274,95,0,0,0,369,274,95,120,27,93,79,12,67,41,15,26,2,1,1,15,7,8,126,16,110,117,83,34,78,57,21,0,0,0,2,2,0,0,0,10,6,4,0,0,0,0,0,0,0,0,0,0,0,0,0,0,0,0,0,0,0,0,0,0,0,0,0,0,0,"24,001","1,935"
세종,각종학교,2,6,6,0,0,0,0,0,0,0,0,0,0,26,15,11,17,11,6,9,4,5,2,0,2,6,0,6,13,1,12,0,0,0,0,0,0,0,0,0,0,0,0,0,0,0,0,0,0,0,0,0,0,0,0,0,0,0,0,0,0,0,0,0,0,0,0,0,0,0,0,0,0,0,0,"5,727",360
세종,소계,173,"3,349","3,093",256,"66,221","33,678","32,543","65,089","32,852","32,237","1,132",826,306,"6,563","1,406","5,157","5,221","1,218","4,003","1,342",188,"1,154",148,44,104,539,167,372,"2,743",489,"2,254","16,758","8,486","8,272","17,550","8,880","8,670","10,547","5,393","5,154",2,2,0,0,0,31,16,15,"1,035",500,535,45,25,20,449,221,228,350,158,192,5,5,0,1,1,0,185,90,95,"1,077",557,520,509,246,263,"1,434,223","481,570"
경기,유치원,"2,043","8,769","8,284",485,"134,240","67,861","66,379","132,764","66,799","65,965","1,476","1,062",414,"15,197",234,"14,963","12,469",216,"12,253","2,728",18,"2,710",0,0,0,"1,519",569,950,"6,988","1,767","5,221","59,229","30,057","29,172","52,887","26,986","25,901",0,0,0,0,0,0,0,0,0,0,0,0,0,0,0,0,0,0,0,0,0,0,0,0,0,0,0,0,0,0,0,0,"3,538","1,774","1,764",0,0,0,"937,026","237,172"
경기,초등학교,"1,368","32,275","30,104","2,171","653,006","333,908","319,098","641,605","325,797","315,808","11,401","8,111","3,290","51,088","10,414","40,674","45,373","9,221","36,152","5,715","1,193","4,522",76,8,68,"4,861","1,528","3,333","22,634","2,116","20,518","90,389","46,332","44,057","121,554","61,937","59,617","121,512","61,915","59,597",0,0,0,0,0,42,22,20,"5,600","2,896","2,704",340,182,158,"2,714","1,407","1,307",0,0,0,0,0,0,0,0,0,"2,546","1,307","1,239","36,879","18,936","17,943","2,538","1,317","1,221","11,065,533","7,533,575"
경기,중학교,691,"14,541","13,617",924,"384,016","196,135","187,881","379,324","192,931","186,393","4,692","3,204","1,488","31,631","7,493","24,138","24,672","5,579","19,093","6,959","1,914","5,045",181,71,110,"2,335",829,"1,506","9,190","1,101","8,089","121,770","62,069","59,701","127,244","65,289","61,955","126,745","65,061","61,684",2,0,2,0,0,497,228,269,"3,457","1,587","1,870",385,192,193,"1,018",478,540,0,0,0,0,0,0,0,0,0,"2,054",917,"1,137","14,725","7,352","7,373",996,500,496,"5,505,430","4,012,771"
경기,고등학교,504,"14,275","13,659",616,"356,977","183,114","173,863","353,222","180,627","172,595","3,755","2,487","1,268","33,342","11,372","21,970","25,739","8,702","17,037","7,603","2,670","4,933",201,89,112,"2,622","1,109","1,513","8,635","1,534","7,101","126,034","64,286","61,748","121,958","62,594","59,364",0,0,0,0,0,0,0,0,0,0,0,"8,311","3,694","4,617",5,2,3,0,0,0,"8,247","3,644","4,603",50,44,6,2,1,1,7,3,4,"9,144","4,486","4,658",265,112,153,"6,679,088","3,448,532"
경기,(일반고),372,"11,114","10,623",491,"288,390","148,444","139,946","285,409","146,467","138,942","2,981","1,977","1,004","25,500","8,398","17,102","19,956","6,475","13,481","5,544","1,923","3,621",44,20,24,"1,848",733,"1,115","6,526","1,020","5,506","101,707","52,046","49,661","98,530","50,426","48,104",0,0,0,0,0,0,0,0,0,0,0,"6,229","2,731","3,498",3,2,1,0,0,0,"6,191","2,699","3,492",29,27,2,1,1,0,5,2,3,"5,926","2,825","3,101",229,98,131,"4,614,524","2,517,406"
경기,(특목고),21,468,465,3,"11,937","3,952","7,985","11,922","3,939","7,983",15,13,2,"1,171",505,666,943,430,513,228,75,153,81,31,50,154,87,67,371,122,249,"4,155","1,347","2,808","3,798","1,357","2,441",0,0,0,0,0,0,0,0,0,0,0,204,56,148,0,0,0,0,0,0,203,56,147,0,0,0,1,0,1,0,0,0,165,84,81,8,3,5,"384,937","155,533"
경기,(특성화고),78,"1,729","1,663",66,"32,215","17,850","14,365","31,798","17,580","14,218",417,270,147,"4,447","1,731","2,716","2,966","1,161","1,805","1,481",570,911,59,30,29,462,240,222,"1,109",307,802,"11,741","6,466","5,275","10,966","6,256","4,710",0,0,0,0,0,0,0,0,0,0,0,"1,420",702,718,1,0,1,0,0,0,"1,404",690,714,14,11,3,0,0,0,1,1,0,"2,261","1,199","1,062",5,1,4,"1,189,481","529,284"
경기,(자율고),33,964,908,56,"24,435","12,868","11,567","24,093","12,641","11,452",342,227,115,"2,224",738,"1,486","1,874",636,"1,238",350,102,248,17,8,9,158,49,109,629,85,544,"8,431","4,427","4,004","8,664","4,555","4,109",0,0,0,0,0,0,0,0,0,0,0,458,205,253,1,0,1,0,0,0,449,199,250,7,6,1,0,0,0,1,0,1,792,378,414,23,10,13,"490,146","246,309"
경기,특수학교,39,981,0,981,"5,712","3,986","1,726",0,0,0,"5,712","3,986","1,726","2,429",722,"1,707","1,615",442,"1,173",814,280,534,2,1,1,364,211,153,"1,169",308,861,"1,753","1,195",558,"1,538","1,062",476,32,19,13,38,28,10,0,0,351,244,107,0,0,0,0,0,0,0,0,0,0,0,0,0,0,0,0,0,0,0,0,0,0,0,0,0,0,0,"393,676","69,042"
경기,고등공민학교,1,3,3,0,33,21,12,33,21,12,0,0,0,3,1,2,3,1,2,0,0,0,0,0,0,2,1,1,2,1,1,13,8,5,13,8,5,13,8,5,0,0,0,0,0,0,0,0,0,0,0,0,0,0,0,0,0,0,0,0,0,0,0,0,0,0,0,0,0,0,0,0,0,0,0,"2,191","5,939"
경기,각종학교,13,150,148,2,"2,770","1,237","1,533","2,758","1,226","1,532",12,11,1,330,120,210,226,78,148,104,42,62,38,19,19,43,19,24,99,34,65,851,383,468,781,332,449,760,325,435,3,0,3,1,1,17,6,11,0,0,0,0,0,0,0,0,0,0,0,0,0,0,0,0,0,0,0,0,0,244,113,131,0,0,0,"92,054","40,035"
경기,소계,"4,659","70,994","65,815","5,179","1,536,754","786,262","750,492","1,509,706","767,401","742,305","27,048","18,861","8,187","134,020","30,356","103,664","110,097","24,239","85,858","23,923","6,117","17,806",498,188,310,"11,746","4,266","7,480","48,717","6,861","41,856","400,039","204,330","195,709","425,975","218,208","207,767","249,062","127,328","121,734",43,28,15,1,1,907,500,407,"17,368","8,177","9,191",730,376,354,"3,732","1,885","1,847","8,247","3,644","4,603",50,44,6,2,1,1,"4,607","2,227","2,380","64,530","32,661","31,869","3,799","1,929","1,870","24,674,998","15,347,066"
강원,유치원,346,870,828,42,"12,123","6,012","6,111","11,976","5,908","6,068",147,104,43,"1,530",24,"1,506","1,311",24,"1,287",219,0,219,10,0,10,183,101,82,887,219,668,"5,246","2,582","2,664","4,976","2,555","2,421",0,0,0,0,0,0,0,0,0,0,0,0,0,0,0,0,0,0,0,0,0,0,0,0,0,0,0,0,0,0,0,0,303,163,140,0,0,0,"131,351","47,856"
강원,초등학교,347,"3,948","3,715",233,"58,433","29,817","28,616","57,428","29,105","28,323","1,005",712,293,"6,510","2,223","4,287","6,285","2,172","4,113",225,51,174,128,27,101,"1,242",646,596,"4,371",836,"3,535","8,196","4,172","4,024","11,159","5,714","5,445","11,153","5,711","5,442",0,0,0,0,0,6,3,3,258,131,127,12,6,6,138,73,65,0,0,0,0,0,0,0,0,0,108,52,56,"2,705","1,348","1,357",82,45,37,"2,962,143","2,579,206"
강원,중학교,160,"1,593","1,501",92,"35,916","18,435","17,481","35,538","18,170","17,368",378,265,113,"3,657","1,189","2,468","3,101","1,002","2,099",556,187,369,107,50,57,567,279,288,"1,689",359,"1,330","11,138","5,681","5,457","12,330","6,430","5,900","12,288","6,411","5,877",0,0,0,0,0,42,19,23,228,93,135,21,9,12,38,17,21,0,0,0,0,0,0,0,0,0,169,67,102,"1,428",731,697,27,14,13,"1,094,672","1,003,160"
강원,고등학교,116,"1,672","1,608",64,"35,764","18,742","17,022","35,453","18,543","16,910",311,199,112,"4,242","1,909","2,333","3,514","1,603","1,911",728,306,422,104,56,48,445,232,213,"1,622",390,"1,232","12,540","6,614","5,926","12,585","6,680","5,905",0,0,0,0,0,0,0,0,0,0,0,725,302,423,0,0,0,0,0,0,719,296,423,6,6,0,0,0,0,0,0,0,"1,065",494,571,5,2,3,"3,056,886","1,321,369"
강원,(일반고),82,"1,194","1,150",44,"27,743","13,075","14,668","27,550","12,964","14,586",193,111,82,"2,957","1,308","1,649","2,435","1,105","1,330",522,203,319,35,15,20,239,124,115,"1,058",219,839,"9,623","4,559","5,064","9,888","4,715","5,173",0,0,0,0,0,0,0,0,0,0,0,450,159,291,0,0,0,0,0,0,448,157,291,2,2,0,0,0,0,0,0,0,748,298,450,3,1,2,"1,676,999","870,481"
강원,(특목고),6,71,69,2,"1,193",769,424,"1,183",760,423,10,9,1,221,110,111,194,97,97,27,13,14,4,1,3,38,21,17,106,36,70,437,281,156,380,255,125,0,0,0,0,0,0,0,0,0,0,0,16,6,10,0,0,0,0,0,0,16,6,10,0,0,0,0,0,0,0,0,0,49,33,16,0,0,0,"243,160","76,524"
강원,(특성화고),23,303,288,15,"4,475","2,811","1,664","4,388","2,753","1,635",87,58,29,829,373,456,683,299,384,146,74,72,25,14,11,108,62,46,348,102,246,"1,670","1,053",617,"1,497",973,524,0,0,0,0,0,0,0,0,0,0,0,237,117,120,0,0,0,0,0,0,233,113,120,4,4,0,0,0,0,0,0,0,241,138,103,2,1,1,"701,331","240,446"
강원,(자율고),5,104,101,3,"2,353","2,087",266,"2,332","2,066",266,21,21,0,235,118,117,202,102,100,33,16,17,40,26,14,60,25,35,110,33,77,810,721,89,820,737,83,0,0,0,0,0,0,0,0,0,0,0,22,20,2,0,0,0,0,0,0,22,20,2,0,0,0,0,0,0,0,0,0,27,25,2,0,0,0,"435,396","133,918"
강원,특수학교,9,216,0,216,"1,080",725,355,0,0,0,"1,080",725,355,417,106,311,318,86,232,99,20,79,2,0,2,78,57,21,317,81,236,362,248,114,285,190,95,2,2,0,24,14,10,0,0,56,34,22,0,0,0,0,0,0,0,0,0,0,0,0,0,0,0,0,0,0,0,0,0,0,0,0,0,0,0,"151,927","35,021"
강원,각종학교,3,20,20,0,114,68,46,114,68,46,0,0,0,43,24,19,33,21,12,10,3,7,0,0,0,9,3,6,21,5,16,12,11,1,35,18,17,34,17,17,0,0,0,0,0,1,1,0,0,0,0,0,0,0,0,0,0,0,0,0,0,0,0,0,0,0,0,0,0,34,17,17,0,0,0,"24,012","3,406"
강원,소계,981,"8,319","7,672",647,"143,430","73,799","69,631","140,509","71,794","68,715","2,921","2,005",916,"16,399","5,475","10,924","14,562","4,908","9,654","1,837",567,"1,270",351,133,218,"2,524","1,318","1,206","8,907","1,890","7,017","37,494","19,308","18,186","41,370","21,587","19,783","23,477","12,141","11,336",24,14,10,0,0,105,57,48,"1,211",526,685,33,15,18,176,90,86,719,296,423,6,6,0,0,0,0,277,119,158,"5,535","2,753","2,782",114,61,53,"7,420,991","4,990,018"
충북,유치원,307,972,870,102,"13,133","6,675","6,458","12,823","6,474","6,349",310,201,109,"1,888",36,"1,852","1,379",31,"1,348",509,5,504,0,0,0,142,60,82,641,111,530,"5,864","2,976","2,888","5,310","2,752","2,558",0,0,0,0,0,0,0,0,0,0,0,0,0,0,0,0,0,0,0,0,0,0,0,0,0,0,0,0,0,0,0,0,663,326,337,0,0,0,"107,630","33,134"
충북,초등학교,257,"4,083","3,738",345,"69,854","35,770","34,084","68,326","34,732","33,594","1,528","1,038",490,"6,687","1,993","4,694","6,488","1,940","4,548",199,53,146,151,36,115,"1,131",525,606,"3,966",641,"3,325","9,388","4,909","4,479","13,391","6,803","6,588","13,384","6,799","6,585",0,0,0,0,0,7,4,3,324,159,165,23,9,14,228,109,119,0,0,0,0,0,0,0,0,0,73,41,32,"4,597","2,376","2,221",115,46,69,"2,425,050","2,003,972"
충북,중학교,131,"1,899","1,752",147,"42,266","21,580","20,686","41,622","21,147","20,475",644,433,211,"4,095","1,272","2,823","3,364","1,000","2,364",731,272,459,170,64,106,444,203,241,"1,642",307,"1,335","13,402","6,809","6,593","14,337","7,397","6,940","14,269","7,370","6,899",0,0,0,0,0,68,27,41,289,109,180,27,9,18,88,31,57,0,0,0,0,0,0,0,0,0,174,69,105,"2,187","1,048","1,139",37,17,20,"1,527,031","1,108,614"
충북,고등학교,83,"1,761","1,673",88,"40,068","20,965","19,103","39,558","20,657","18,901",510,308,202,"3,990","1,729","2,261","3,282","1,463","1,819",708,266,442,123,49,74,441,248,193,"1,522",343,"1,179","14,185","7,338","6,847","13,761","7,208","6,553",0,0,0,0,0,0,0,0,0,0,0,838,375,463,2,0,2,0,0,0,829,370,459,7,5,2,0,0,0,0,0,0,"1,468",707,761,0,0,0,"2,002,961","899,632"
충북,(일반고),45,"1,001",954,47,"25,436","12,451","12,985","25,166","12,295","12,871",270,156,114,"2,222",969,"1,253","1,824",827,997,398,142,256,65,25,40,211,113,98,792,151,641,"8,941","4,308","4,633","8,665","4,197","4,468",0,0,0,0,0,0,0,0,0,0,0,378,129,249,1,0,1,0,0,0,375,128,247,2,1,1,0,0,0,0,0,0,662,280,382,0,0,0,"788,952","490,496"
충북,(특목고),7,109,105,4,"1,949","1,032",917,"1,929","1,018",911,20,14,6,288,123,165,244,103,141,44,20,24,11,2,9,44,27,17,147,40,107,689,368,321,616,336,280,0,0,0,0,0,0,0,0,0,0,0,26,8,18,1,0,1,0,0,0,25,8,17,0,0,0,0,0,0,0,0,0,139,78,61,0,0,0,"222,474","78,764"
충북,(특성화고),23,453,427,26,"8,025","4,686","3,339","7,882","4,594","3,288",143,92,51,"1,029",450,579,823,373,450,206,77,129,35,17,18,142,87,55,413,116,297,"2,938","1,721","1,217","2,879","1,697","1,182",0,0,0,0,0,0,0,0,0,0,0,382,211,171,0,0,0,0,0,0,377,207,170,5,4,1,0,0,0,0,0,0,485,266,219,0,0,0,"791,955","199,543"
충북,(자율고),8,198,187,11,"4,658","2,796","1,862","4,581","2,750","1,831",77,46,31,451,187,264,391,160,231,60,27,33,12,5,7,44,21,23,170,36,134,"1,617",941,676,"1,601",978,623,0,0,0,0,0,0,0,0,0,0,0,52,27,25,0,0,0,0,0,0,52,27,25,0,0,0,0,0,0,0,0,0,182,83,99,0,0,0,"199,580","130,829"
충북,특수학교,11,312,0,312,"1,578","1,042",536,0,0,0,"1,578","1,042",536,570,189,381,396,131,265,174,58,116,14,3,11,90,64,26,423,77,346,478,310,168,458,309,149,6,5,1,0,0,0,0,0,92,60,32,0,0,0,0,0,0,0,0,0,0,0,0,0,0,0,0,0,0,0,0,0,0,0,0,0,0,0,"110,318","19,553"
충북,각종학교,8,42,42,0,585,323,262,585,323,262,0,0,0,133,51,82,110,44,66,23,7,16,16,7,9,49,26,23,93,39,54,228,114,114,201,119,82,175,100,75,10,7,3,1,1,15,11,4,0,0,0,0,0,0,0,0,0,0,0,0,0,0,0,0,0,0,0,0,0,148,97,51,0,0,0,"116,905","18,102"
충북,소계,797,"9,069","8,075",994,"167,484","86,355","81,129","162,914","83,333","79,581","4,570","3,022","1,548","17,363","5,270","12,093","15,019","4,609","10,410","2,344",661,"1,683",474,159,315,"2,297","1,126","1,171","8,287","1,518","6,769","43,545","22,456","21,089","47,458","24,588","22,870","27,834","14,274","13,560",10,7,3,1,1,182,102,80,"1,451",643,808,52,18,34,316,140,176,829,370,459,7,5,2,0,0,0,247,110,137,"9,063","4,554","4,509",152,63,89,"6,289,895","4,083,007"
충남,유치원,479,"1,369","1,260",109,"18,751","9,548","9,203","18,394","9,287","9,107",357,261,96,"2,807",55,"2,752","2,021",50,"1,971",786,5,781,0,0,0,222,86,136,926,209,717,"7,847","4,025","3,822","7,786","3,977","3,809",0,0,0,0,0,0,0,0,0,0,0,0,0,0,0,0,0,0,0,0,0,0,0,0,0,0,0,0,0,0,0,0,679,340,339,0,0,0,"191,259","56,385"
충남,초등학교,410,"6,062","5,555",507,"99,712","50,934","48,778","97,394","49,327","48,067","2,318","1,607",711,"9,778","3,248","6,530","9,031","3,114","5,917",747,134,613,192,60,132,"1,332",476,856,"5,339",831,"4,508","13,481","6,874","6,607","19,191","9,874","9,317","19,185","9,869","9,316",0,0,0,0,0,6,5,1,430,232,198,22,15,7,286,145,141,0,0,0,0,0,0,0,0,0,122,72,50,"7,774","3,909","3,865",140,73,67,"3,551,043","2,977,106"
충남,중학교,187,"2,586","2,389",197,"60,949","31,417","29,532","60,037","30,814","29,223",912,603,309,"5,775","1,883","3,892","4,423","1,451","2,972","1,352",432,920,85,30,55,548,263,285,"2,051",435,"1,616","19,320","9,923","9,397","20,300","10,610","9,690","20,248","10,584","9,664",0,0,0,0,0,52,26,26,414,174,240,61,25,36,105,62,43,0,0,0,0,0,0,0,0,0,248,87,161,"3,853","1,899","1,954",74,41,33,"1,941,525","1,477,378"
충남,고등학교,118,"2,471","2,348",123,"59,350","31,069","28,281","58,663","30,632","28,031",687,437,250,"6,009","2,597","3,412","4,596","2,030","2,566","1,413",567,846,174,93,81,600,308,292,"2,219",548,"1,671","20,989","11,068","9,921","20,014","10,567","9,447",0,0,0,0,0,0,0,0,0,0,0,"1,291",598,693,1,1,0,0,0,0,"1,273",582,691,17,15,2,0,0,0,0,0,0,"2,794","1,337","1,457",9,3,6,"2,600,292","1,238,440"
충남,(일반고),73,"1,727","1,645",82,"45,200","23,015","22,185","44,723","22,724","21,999",477,291,186,"4,065","1,702","2,363","3,148","1,351","1,797",917,351,566,111,57,54,323,170,153,"1,412",300,"1,112","15,995","8,162","7,833","15,141","7,804","7,337",0,0,0,0,0,0,0,0,0,0,0,807,339,468,1,1,0,0,0,0,800,334,466,6,4,2,0,0,0,0,0,0,"1,754",835,919,9,3,6,"1,435,933","735,242"
충남,(특목고),11,147,141,6,"2,592","1,562","1,030","2,574","1,546","1,028",18,16,2,412,202,210,352,172,180,60,30,30,14,9,5,70,31,39,236,83,153,900,546,354,845,505,340,0,0,0,0,0,0,0,0,0,0,0,48,28,20,0,0,0,0,0,0,47,27,20,1,1,0,0,0,0,0,0,0,146,106,40,0,0,0,"308,041","108,293"
충남,(특성화고),28,447,418,29,"7,823","4,209","3,614","7,663","4,086","3,577",160,123,37,"1,135",504,631,819,369,450,316,135,181,30,18,12,179,92,87,476,142,334,"2,815","1,568","1,247","2,764","1,532","1,232",0,0,0,0,0,0,0,0,0,0,0,383,204,179,0,0,0,0,0,0,373,194,179,10,10,0,0,0,0,0,0,0,805,373,432,0,0,0,"646,085","336,808"
충남,(자율고),6,150,144,6,"3,735","2,283","1,452","3,703","2,276","1,427",32,7,25,397,189,208,277,138,139,120,51,69,19,9,10,28,15,13,95,23,72,"1,279",792,487,"1,264",726,538,0,0,0,0,0,0,0,0,0,0,0,53,27,26,0,0,0,0,0,0,53,27,26,0,0,0,0,0,0,0,0,0,89,23,66,0,0,0,"210,233","58,097"
충남,특수학교,11,330,0,330,"1,725","1,205",520,0,0,0,"1,725","1,205",520,625,192,433,407,107,300,218,85,133,4,0,4,94,59,35,471,109,362,508,354,154,404,279,125,1,0,1,0,0,0,0,0,97,63,34,0,0,0,0,0,0,0,0,0,0,0,0,0,0,0,0,0,0,0,0,0,0,0,0,0,0,0,"138,182","27,427"
충남,고등기술학교,1,4,3,1,74,39,35,71,37,34,3,2,1,11,5,6,5,2,3,6,3,3,11,4,7,4,2,2,10,4,6,25,14,11,19,8,11,17,7,10,0,0,0,0,0,2,1,1,0,0,0,0,0,0,0,0,0,0,0,0,0,0,0,0,0,0,0,0,0,0,0,0,0,0,0,"9,911","8,218"
충남,각종학교,5,26,26,0,40,21,19,40,21,19,0,0,0,65,27,38,50,22,28,15,5,10,2,0,2,11,7,4,41,19,22,12,8,4,16,9,7,14,7,7,0,0,0,0,0,2,2,0,0,0,0,0,0,0,0,0,0,0,0,0,0,0,0,0,0,0,0,0,0,34,18,16,0,0,0,"55,627","5,094"
충남,소계,"1,211","12,848","11,581","1,267","240,601","124,233","116,368","234,599","120,118","114,481","6,002","4,115","1,887","25,070","8,007","17,063","20,533","6,776","13,757","4,537","1,231","3,306",468,187,281,"2,811","1,201","1,610","11,057","2,155","8,902","62,182","32,266","29,916","67,730","35,324","32,406","39,465","20,467","18,998",0,0,0,0,0,159,97,62,"2,135","1,004","1,131",84,41,43,391,207,184,"1,273",582,691,17,15,2,0,0,0,370,159,211,"15,134","7,503","7,631",223,117,106,"8,487,839","5,790,048"
전북,유치원,453,"1,192","1,107",85,"14,661","7,489","7,172","14,404","7,301","7,103",257,188,69,"2,305",31,"2,274","1,694",26,"1,668",611,5,606,0,0,0,282,133,149,899,238,661,"5,824","2,924","2,900","5,788","2,955","2,833",0,0,0,0,0,0,0,0,0,0,0,0,0,0,0,0,0,0,0,0,0,0,0,0,0,0,0,0,0,0,0,0,483,257,226,0,0,0,"187,575","71,668"
전북,초등학교,402,"4,860","4,507",353,"70,524","36,161","34,363","69,042","35,135","33,907","1,482","1,026",456,"8,116","2,118","5,998","7,868","2,063","5,805",248,55,193,207,78,129,"1,419",613,806,"5,209",871,"4,338","9,063","4,662","4,401","14,351","7,366","6,985","14,349","7,365","6,984",0,0,0,0,0,2,1,1,227,125,102,28,18,10,131,72,59,0,0,0,0,0,0,0,0,0,68,35,33,"4,915","2,528","2,387",47,24,23,"3,663,108","2,940,501"
전북,중학교,206,"2,175","2,041",134,"46,907","24,055","22,852","46,320","23,657","22,663",587,398,189,"4,935","1,578","3,357","3,957","1,289","2,668",978,289,689,128,55,73,661,305,356,"1,747",431,"1,316","14,583","7,457","7,126","16,114","8,319","7,795","16,063","8,291","7,772",0,0,0,0,0,51,28,23,223,109,114,46,24,22,50,29,21,0,0,0,0,0,0,0,0,0,127,56,71,"2,470","1,266","1,204",17,12,5,"1,845,657","1,540,697"
전북,고등학교,132,"2,237","2,165",72,"47,206","24,682","22,524","46,792","24,415","22,377",414,267,147,"5,377","2,479","2,898","4,045","1,950","2,095","1,332",529,803,170,85,85,738,475,263,"1,914",624,"1,290","16,478","8,549","7,929","16,530","8,646","7,884",0,0,0,0,0,0,0,0,0,0,0,951,441,510,0,0,0,1,0,1,943,437,506,7,4,3,0,0,0,0,0,0,"2,134","1,078","1,056",3,2,1,"2,798,674","1,213,615"
전북,(일반고),85,"1,463","1,435",28,"32,574","16,502","16,072","32,418","16,388","16,030",156,114,42,"3,413","1,596","1,817","2,450","1,229","1,221",963,367,596,105,49,56,425,288,137,"1,114",350,764,"11,266","5,665","5,601","11,610","5,904","5,706",0,0,0,0,0,0,0,0,0,0,0,572,259,313,0,0,0,0,0,0,567,257,310,5,2,3,0,0,0,0,0,0,"1,279",588,691,1,0,1,"1,464,854","750,373"
전북,(특목고),7,125,123,2,"2,095","1,484",611,"2,081","1,470",611,14,14,0,365,189,176,295,147,148,70,42,28,10,6,4,91,62,29,186,83,103,750,512,238,700,514,186,0,0,0,0,0,0,0,0,0,0,0,26,15,11,0,0,0,0,0,0,26,15,11,0,0,0,0,0,0,0,0,0,135,108,27,0,0,0,"322,384","79,691"
전북,(특성화고),29,372,346,26,"6,047","3,564","2,483","5,894","3,463","2,431",153,101,52,950,443,507,727,352,375,223,91,132,34,20,14,149,90,59,374,125,249,"2,245","1,297",948,"1,979","1,160",819,0,0,0,0,0,0,0,0,0,0,0,279,140,139,0,0,0,1,0,1,276,138,138,2,2,0,0,0,0,0,0,0,516,283,233,2,2,0,"763,456","270,354"
전북,(자율고),11,277,261,16,"6,490","3,132","3,358","6,399","3,094","3,305",91,38,53,649,251,398,573,222,351,76,29,47,21,10,11,73,35,38,240,66,174,"2,217","1,075","1,142","2,241","1,068","1,173",0,0,0,0,0,0,0,0,0,0,0,74,27,47,0,0,0,0,0,0,74,27,47,0,0,0,0,0,0,0,0,0,204,99,105,0,0,0,"247,980","113,197"
전북,특수학교,11,241,0,241,"1,321",936,385,0,0,0,"1,321",936,385,482,148,334,318,88,230,164,60,104,0,0,0,87,59,28,321,73,248,429,304,125,364,249,115,5,3,2,11,9,2,0,0,72,48,24,0,0,0,0,0,0,0,0,0,0,0,0,0,0,0,0,0,0,0,0,0,0,0,0,0,0,0,"88,626","41,506"
전북,고등공민학교,1,0,0,0,0,0,0,0,0,0,0,0,0,0,0,0,0,0,0,0,0,0,0,0,0,0,0,0,0,0,0,0,0,0,0,0,0,0,0,0,0,0,0,0,0,0,0,0,0,0,0,0,0,0,0,0,0,0,0,0,0,0,0,0,0,0,0,0,0,0,0,0,0,0,0,0,0
전북,각종학교,1,6,6,0,0,0,0,0,0,0,0,0,0,18,8,10,10,6,4,8,2,6,10,6,4,2,2,0,3,2,1,0,0,0,0,0,0,0,0,0,0,0,0,0,0,0,0,0,0,0,0,0,0,0,0,0,0,0,0,0,0,0,0,0,0,0,0,0,0,0,0,0,0,0,0,"6,010",0
전북,소계,"1,206","10,711","9,826",885,"180,619","93,323","87,296","176,558","90,508","86,050","4,061","2,815","1,246","21,233","6,362","14,871","17,892","5,422","12,470","3,341",940,"2,401",515,224,291,"3,189","1,587","1,602","10,093","2,239","7,854","46,377","23,896","22,481","53,147","27,535","25,612","30,417","15,659","14,758",11,9,2,0,0,125,77,48,"1,401",675,726,74,42,32,182,101,81,943,437,506,7,4,3,0,0,0,195,91,104,"10,002","5,129","4,873",67,38,29,"8,589,650","5,807,987"
전남,유치원,490,"1,141","1,073",68,"13,406","6,885","6,521","13,230","6,762","6,468",176,123,53,"2,365",30,"2,335","1,525",27,"1,498",840,3,837,2,0,2,128,54,74,539,158,381,"5,669","2,916","2,753","5,675","2,834","2,841",0,0,0,0,0,0,0,0,0,0,0,0,0,0,0,0,0,0,0,0,0,0,0,0,0,0,0,0,0,0,0,0,774,420,354,0,0,0,"131,212","31,359"
전남,초등학교,424,"5,032","4,614",418,"71,415","36,589","34,826","69,773","35,455","34,318","1,642","1,134",508,"8,588","3,208","5,380","8,036","3,064","4,972",552,144,408,107,33,74,"1,738",837,901,"5,629","1,217","4,412","9,782","4,953","4,829","14,337","7,325","7,012","14,329","7,323","7,006",0,0,0,0,0,8,2,6,197,96,101,18,10,8,95,46,49,0,0,0,0,0,0,0,0,0,84,40,44,"5,475","2,824","2,651",51,23,28,"4,415,081","3,147,629"
전남,중학교,251,"2,194","2,013",181,"46,021","23,371","22,650","45,329","22,936","22,393",692,435,257,"5,079","1,640","3,439","4,059","1,263","2,796","1,020",377,643,97,43,54,731,379,352,"2,160",551,"1,609","14,313","7,328","6,985","15,546","8,135","7,411","15,514","8,120","7,394",0,0,0,0,0,32,15,17,193,105,88,39,20,19,43,20,23,0,0,0,0,0,0,0,0,0,111,65,46,"3,268","1,642","1,626",20,12,8,"2,591,835","2,157,336"
전남,고등학교,143,"2,306","2,195",111,"45,174","23,489","21,685","44,583","23,108","21,475",591,381,210,"5,378","2,360","3,018","4,108","1,814","2,294","1,270",546,724,257,132,125,626,373,253,"2,032",539,"1,493","15,837","8,263","7,574","15,555","8,050","7,505",0,0,0,0,0,0,0,0,0,0,0,822,348,474,0,0,0,0,0,0,814,343,471,8,5,3,0,0,0,0,0,0,"2,669","1,355","1,314",1,1,0,"2,515,979","1,379,089"
전남,(일반고),71,"1,185","1,146",39,"25,127","11,386","13,741","24,930","11,286","13,644",197,100,97,"2,715","1,211","1,504","2,023",897,"1,126",692,314,378,154,75,79,272,175,97,970,241,729,"8,745","3,957","4,788","8,708","3,910","4,798",0,0,0,0,0,0,0,0,0,0,0,375,125,250,0,0,0,0,0,0,374,124,250,1,1,0,0,0,0,0,0,0,"1,119",446,673,1,1,0,"1,041,273","688,049"
전남,(특목고),12,138,130,8,"2,444","1,395","1,049","2,393","1,360","1,033",51,35,16,388,183,205,309,147,162,79,36,43,10,6,4,77,39,38,196,64,132,857,493,364,790,482,308,0,0,0,0,0,0,0,0,0,0,0,44,14,30,0,0,0,0,0,0,44,14,30,0,0,0,0,0,0,0,0,0,162,98,64,0,0,0,"246,266","76,447"
전남,(특성화고),42,631,578,53,"9,859","5,774","4,085","9,576","5,573","4,003",283,201,82,"1,425",619,806,"1,062",464,598,363,155,208,44,26,18,195,117,78,574,162,412,"3,538","2,097","1,441","3,360","1,931","1,429",0,0,0,0,0,0,0,0,0,0,0,312,162,150,0,0,0,0,0,0,305,158,147,7,4,3,0,0,0,0,0,0,989,580,409,0,0,0,"832,029","466,262"
전남,(자율고),18,352,341,11,"7,744","4,934","2,810","7,684","4,889","2,795",60,45,15,850,347,503,714,306,408,136,41,95,49,25,24,82,42,40,292,72,220,"2,697","1,716",981,"2,697","1,727",970,0,0,0,0,0,0,0,0,0,0,0,91,47,44,0,0,0,0,0,0,91,47,44,0,0,0,0,0,0,0,0,0,399,231,168,0,0,0,"396,411","148,331"
전남,특수학교,9,246,0,246,"1,316",880,436,0,0,0,"1,316",880,436,498,147,351,350,93,257,148,54,94,0,0,0,109,73,36,296,90,206,407,279,128,327,213,114,2,1,1,10,6,4,0,0,101,68,33,0,0,0,0,0,0,0,0,0,0,0,0,0,0,0,0,0,0,0,0,0,0,0,0,0,0,0,"149,087","21,533"
전남,각종학교,5,21,21,0,186,101,85,186,101,85,0,0,0,57,28,29,33,18,15,24,10,14,12,6,6,18,9,9,36,10,26,76,44,32,48,30,18,48,30,18,0,0,0,0,0,0,0,0,0,0,0,0,0,0,0,0,0,0,0,0,0,0,0,0,0,0,0,0,0,12,7,5,0,0,0,"107,405","27,524"
전남,소계,"1,322","10,940","9,916","1,024","177,518","91,315","86,203","173,101","88,362","84,739","4,417","2,953","1,464","21,965","7,413","14,552","18,111","6,279","11,832","3,854","1,134","2,720",475,214,261,"3,350","1,725","1,625","10,692","2,565","8,127","46,084","23,783","22,301","51,488","26,587","24,901","29,893","15,474","14,419",10,6,4,0,0,141,85,56,"1,212",549,663,57,30,27,138,66,72,814,343,471,8,5,3,0,0,0,195,105,90,"12,198","6,248","5,950",72,36,36,"9,910,599","6,764,470"
경북,유치원,612,"1,526","1,471",55,"23,240","11,767","11,473","23,069","11,649","11,420",171,118,53,"2,918",72,"2,846","2,361",71,"2,290",557,1,556,6,0,6,151,66,85,"1,005",280,725,"9,327","4,726","4,601","9,906","5,035","4,871",0,0,0,0,0,0,0,0,0,0,0,0,0,0,0,0,0,0,0,0,0,0,0,0,0,0,0,0,0,0,0,0,849,458,391,0,0,0,"187,262","107,727"
경북,초등학교,461,"6,021","5,538",483,"101,176","51,895","49,281","99,028","50,381","48,647","2,148","1,514",634,"10,742","3,994","6,748","9,872","3,754","6,118",870,240,630,230,114,116,"1,705",716,989,"5,972",986,"4,986","13,154","6,721","6,433","19,975","10,321","9,654","19,970","10,317","9,653",0,0,0,0,0,5,4,1,356,197,159,8,4,4,261,143,118,0,0,0,0,0,0,0,0,0,87,50,37,"6,564","3,250","3,314",117,66,51,"3,004,384","4,255,223"
경북,중학교,255,"2,840","2,649",191,"63,119","32,835","30,284","62,257","32,248","30,009",862,587,275,"6,152","1,959","4,193","4,674","1,425","3,249","1,478",534,944,208,95,113,752,351,401,"2,085",478,"1,607","19,833","10,241","9,592","20,781","10,753","10,028","20,730","10,729","10,001",0,0,0,0,0,51,24,27,279,134,145,36,18,18,92,46,46,0,0,0,0,0,0,0,0,0,151,70,81,"3,653","1,861","1,792",39,17,22,"1,499,796","1,928,085"
경북,고등학교,183,"3,079","2,941",138,"63,189","33,778","29,411","62,431","33,285","29,146",758,493,265,"7,057","3,366","3,691","5,035","2,505","2,530","2,022",861,"1,161",291,135,156,886,515,371,"2,785",717,"2,068","22,182","11,717","10,465","21,534","11,421","10,113",0,0,0,0,0,0,0,0,0,0,0,"1,399",646,753,1,0,1,0,0,0,"1,382",637,745,16,9,7,0,0,0,0,0,0,"3,223","1,613","1,610",8,5,3,"3,651,733","2,313,535"
경북,(일반고),105,"1,831","1,755",76,"39,442","18,716","20,726","39,032","18,467","20,565",410,249,161,"4,052","1,933","2,119","2,788","1,403","1,385","1,264",530,734,152,53,99,445,278,167,"1,491",360,"1,131","13,692","6,380","7,312","13,549","6,336","7,213",0,0,0,0,0,0,0,0,0,0,0,708,261,447,0,0,0,0,0,0,705,259,446,3,2,1,0,0,0,0,0,0,"1,624",682,942,2,1,1,"1,697,379","1,309,740"
경북,(특목고),13,221,217,4,"3,617","2,742",875,"3,594","2,720",874,23,22,1,657,346,311,527,269,258,130,77,53,17,12,5,126,69,57,324,108,216,"1,238",925,313,"1,182",906,276,0,0,0,0,0,0,0,0,0,0,0,68,39,29,0,0,0,0,0,0,68,39,29,0,0,0,0,0,0,0,0,0,190,151,39,0,0,0,"600,440","216,543"
경북,(특성화고),47,611,580,31,"10,987","6,684","4,303","10,820","6,575","4,245",167,109,58,"1,408",678,730,925,477,448,483,201,282,59,40,19,205,112,93,583,154,429,"4,034","2,454","1,580","3,719","2,294","1,425",0,0,0,0,0,0,0,0,0,0,0,507,280,227,1,0,1,0,0,0,493,273,220,13,7,6,0,0,0,0,0,0,"1,130",658,472,1,1,0,"914,782","533,499"
경북,(자율고),18,416,389,27,"9,143","5,636","3,507","8,985","5,523","3,462",158,113,45,940,409,531,795,356,439,145,53,92,63,30,33,110,56,54,387,95,292,"3,218","1,958","1,260","3,084","1,885","1,199",0,0,0,0,0,0,0,0,0,0,0,116,66,50,0,0,0,0,0,0,116,66,50,0,0,0,0,0,0,0,0,0,279,122,157,5,3,2,"439,132","253,753"
경북,특수학교,8,272,0,272,"1,614","1,156",458,0,0,0,"1,614","1,156",458,522,180,342,321,100,221,201,80,121,6,1,5,125,55,70,295,63,232,504,340,164,502,339,163,0,0,0,1,1,0,0,0,136,93,43,0,0,0,0,0,0,0,0,0,0,0,0,0,0,0,0,0,0,0,0,0,0,0,0,0,0,0,"97,572","38,276"
경북,각종학교,8,78,78,0,"1,629",844,785,"1,629",844,785,0,0,0,157,63,94,118,52,66,39,11,28,44,18,26,48,28,20,50,29,21,516,283,233,473,249,224,446,237,209,0,0,0,0,0,27,12,15,0,0,0,0,0,0,0,0,0,0,0,0,0,0,0,0,0,0,0,0,0,63,29,34,0,0,0,"55,860","33,405"
경북,소계,"1,527","13,816","12,677","1,139","253,967","132,275","121,692","248,414","128,407","120,007","5,553","3,868","1,685","27,548","9,634","17,914","22,381","7,907","14,474","5,167","1,727","3,440",785,363,422,"3,667","1,731","1,936","12,192","2,553","9,639","65,516","34,028","31,488","73,171","38,118","35,053","41,146","21,283","19,863",1,1,0,0,0,219,133,86,"2,034",977,"1,057",45,22,23,353,189,164,"1,382",637,745,16,9,7,0,0,0,238,120,118,"14,352","7,211","7,141",164,88,76,"8,496,607","8,676,251"
경남,유치원,621,"2,045","1,948",97,"33,185","16,847","16,338","32,884","16,632","16,252",301,215,86,"4,017",53,"3,964","3,090",50,"3,040",927,3,924,0,0,0,336,141,195,"1,687",495,"1,192","12,991","6,561","6,430","13,656","6,942","6,714",0,0,0,0,0,0,0,0,0,0,0,0,0,0,0,0,0,0,0,0,0,0,0,0,0,0,0,0,0,0,0,0,853,448,405,0,0,0,"330,038","114,339"
경남,초등학교,511,"8,455","7,831",624,"147,985","76,135","71,850","145,207","74,205","71,002","2,778","1,930",848,"13,601","3,789","9,812","12,697","3,613","9,084",904,176,728,62,10,52,"2,080",876,"1,204","7,304","1,199","6,105","18,795","9,587","9,208","29,342","15,086","14,256","29,332","15,081","14,251",0,0,0,0,0,10,5,5,615,342,273,20,14,6,393,214,179,0,0,0,0,0,0,0,0,0,202,114,88,"8,088","4,243","3,845",159,88,71,"4,439,317","2,742,547"
경남,중학교,268,"3,951","3,702",249,"93,733","48,221","45,512","92,647","47,450","45,197","1,086",771,315,"8,049","2,461","5,588","6,235","1,861","4,374","1,814",600,"1,214",132,52,80,835,393,442,"3,167",621,"2,546","29,259","15,066","14,193","31,516","16,454","15,062","31,432","16,422","15,010",0,0,0,0,0,84,32,52,491,190,301,30,16,14,140,57,83,0,0,0,0,0,0,0,0,0,321,117,204,"3,915","1,933","1,982",78,29,49,"2,362,572","1,494,905"
경남,고등학교,194,"3,893","3,721",172,"88,313","45,983","42,330","87,411","45,357","42,054",902,626,276,"8,743","3,711","5,032","6,472","2,785","3,687","2,271",926,"1,345",142,47,95,906,435,471,"2,975",656,"2,319","30,742","15,969","14,773","30,745","15,951","14,794",0,0,0,0,0,0,0,0,0,0,0,"1,610",704,906,2,2,0,0,0,0,"1,589",687,902,19,15,4,0,0,0,0,0,0,"3,060","1,435","1,625",9,4,5,"3,168,368","1,470,878"
경남,(일반고),146,"3,056","2,912",144,"73,471","36,868","36,603","72,725","36,346","36,379",746,522,224,"6,775","2,774","4,001","5,031","2,078","2,953","1,744",696,"1,048",123,36,87,632,302,330,"2,222",439,"1,783","25,286","12,608","12,678","25,811","12,950","12,861",0,0,0,0,0,0,0,0,0,0,0,"1,192",464,728,2,2,0,0,0,0,"1,175",451,724,15,11,4,0,0,0,0,0,0,"2,086",889,"1,197",8,4,4,"2,030,990","1,054,255"
경남,(특목고),9,141,141,0,"2,808","1,650","1,158","2,808","1,650","1,158",0,0,0,378,207,171,312,171,141,66,36,30,11,7,4,63,29,34,191,64,127,"1,012",575,437,947,576,371,0,0,0,0,0,0,0,0,0,0,0,33,15,18,0,0,0,0,0,0,33,15,18,0,0,0,0,0,0,0,0,0,103,77,26,1,0,1,"286,386","62,976"
경남,(특성화고),35,606,584,22,"10,009","6,169","3,840","9,880","6,084","3,796",129,85,44,"1,384",651,733,953,468,485,431,183,248,7,4,3,190,97,93,486,135,351,"3,750","2,343","1,407","3,251","1,992","1,259",0,0,0,0,0,0,0,0,0,0,0,360,210,150,0,0,0,0,0,0,356,206,150,4,4,0,0,0,0,0,0,0,823,450,373,0,0,0,"790,305","312,328"
경남,(자율고),4,90,84,6,"2,025","1,296",729,"1,998","1,277",721,27,19,8,206,79,127,176,68,108,30,11,19,1,0,1,21,7,14,76,18,58,694,443,251,736,433,303,0,0,0,0,0,0,0,0,0,0,0,25,15,10,0,0,0,0,0,0,25,15,10,0,0,0,0,0,0,0,0,0,48,19,29,0,0,0,"60,687","41,319"
경남,특수학교,11,447,0,447,"2,367","1,619",748,0,0,0,"2,367","1,619",748,856,280,576,594,160,434,262,120,142,2,0,2,94,53,41,524,111,413,729,501,228,659,443,216,1,1,0,1,1,0,0,0,174,115,59,0,0,0,0,0,0,0,0,0,0,0,0,0,0,0,0,0,0,0,0,0,0,0,0,0,0,0,"145,220","15,990"
경남,고등공민학교,1,2,2,0,13,2,11,13,2,11,0,0,0,0,0,0,0,0,0,0,0,0,0,0,0,0,0,0,0,0,0,3,1,2,4,1,3,0,0,0,4,1,3,0,0,0,0,0,0,0,0,0,0,0,0,0,0,0,0,0,0,0,0,0,0,0,0,0,0,0,0,0,0,0,0,892,0
경남,고등기술학교,1,11,11,0,157,144,13,157,144,13,0,0,0,23,15,8,6,5,1,17,10,7,0,0,0,4,1,3,4,1,3,76,63,13,61,61,0,47,47,0,11,11,0,0,0,3,3,0,0,0,0,0,0,0,0,0,0,0,0,0,0,0,0,0,0,0,0,0,0,0,0,0,0,0,0,"1,606","1,560"
경남,각종학교,8,37,37,0,408,184,224,408,184,224,0,0,0,131,52,79,111,46,65,20,6,14,22,11,11,24,8,16,74,18,56,138,65,73,143,74,69,124,63,61,0,0,0,0,0,19,11,8,0,0,0,0,0,0,0,0,0,0,0,0,0,0,0,0,0,0,0,0,0,14,6,8,0,0,0,"68,278","17,044"
경남,소계,"1,615","18,841","17,252","1,589","366,161","189,135","177,026","358,727","183,974","174,753","7,434","5,161","2,273","35,420","10,361","25,059","29,205","8,520","20,685","6,215","1,841","4,374",360,120,240,"4,279","1,907","2,372","15,735","3,101","12,634","92,733","47,813","44,920","106,126","55,012","51,114","60,936","31,614","29,322",16,13,3,0,0,290,166,124,"2,716","1,236","1,480",52,32,20,533,271,262,"1,589",687,902,19,15,4,0,0,0,523,231,292,"15,930","8,065","7,865",246,121,125,"10,516,291","5,857,263"
제주,유치원,120,286,267,19,"4,747","2,429","2,318","4,692","2,389","2,303",55,40,15,434,10,424,393,9,384,41,1,40,0,0,0,15,3,12,267,29,238,"3,134","1,598","1,536","3,152","1,599","1,553",0,0,0,0,0,0,0,0,0,0,0,0,0,0,0,0,0,0,0,0,0,0,0,0,0,0,0,0,0,0,0,0,225,100,125,0,0,0,"38,451","8,661"
제주,초등학교,113,"1,881","1,760",121,"34,560","17,679","16,881","33,877","17,183","16,694",683,496,187,"3,064",827,"2,237","2,894",782,"2,112",170,45,125,27,8,19,443,216,227,"1,629",252,"1,377","4,737","2,378","2,359","6,507","3,293","3,214","6,507","3,293","3,214",0,0,0,0,0,0,0,0,223,110,113,44,21,23,98,46,52,0,0,0,0,0,0,0,0,0,81,43,38,"2,140","1,080","1,060",94,48,46,"1,119,768","691,712"
제주,중학교,45,810,763,47,"20,316","10,320","9,996","20,060","10,153","9,907",256,167,89,"1,770",531,"1,239","1,361",385,976,409,146,263,202,110,92,200,105,95,579,122,457,"6,447","3,255","3,192","6,657","3,443","3,214","6,619","3,422","3,197",0,0,0,0,0,38,21,17,133,67,66,22,16,6,31,15,16,0,0,0,0,0,0,0,0,0,80,36,44,915,439,476,38,21,17,"493,733","386,019"
제주,고등학교,30,728,697,31,"18,497","9,548","8,949","18,295","9,410","8,885",202,138,64,"1,798",757,"1,041","1,394",595,799,404,162,242,89,42,47,196,110,86,577,136,441,"6,507","3,347","3,160","6,329","3,263","3,066",0,0,0,0,0,0,0,0,0,0,0,321,133,188,0,0,0,0,0,0,312,125,187,8,7,1,0,0,0,1,1,0,525,246,279,4,1,3,"949,339","370,517"
제주,(일반고),21,561,542,19,"15,154","7,995","7,159","15,028","7,896","7,132",126,99,27,"1,328",580,748,"1,030",450,580,298,130,168,64,31,33,126,71,55,411,88,323,"5,347","2,815","2,532","5,213","2,742","2,471",0,0,0,0,0,0,0,0,0,0,0,192,78,114,0,0,0,0,0,0,188,74,114,3,3,0,0,0,0,1,1,0,336,166,170,1,1,0,"477,113","287,602"
제주,(특목고),2,18,18,0,395,150,245,395,150,245,0,0,0,67,29,38,57,28,29,10,1,9,4,1,3,12,6,6,29,6,23,142,59,83,122,54,68,0,0,0,0,0,0,0,0,0,0,0,11,5,6,0,0,0,0,0,0,11,5,6,0,0,0,0,0,0,0,0,0,14,3,11,3,0,3,"53,363","7,094"
제주,(특성화고),6,136,125,11,"2,648","1,403","1,245","2,575","1,364","1,211",73,39,34,361,135,226,271,108,163,90,27,63,21,10,11,54,32,22,126,41,85,909,473,436,894,467,427,0,0,0,0,0,0,0,0,0,0,0,111,50,61,0,0,0,0,0,0,106,46,60,5,4,1,0,0,0,0,0,0,159,77,82,0,0,0,"406,954","71,387"
제주,(자율고),1,13,12,1,300,0,300,297,0,297,3,0,3,42,13,29,36,9,27,6,4,2,0,0,0,4,1,3,11,1,10,109,0,109,100,0,100,0,0,0,0,0,0,0,0,0,0,0,7,0,7,0,0,0,0,0,0,7,0,7,0,0,0,0,0,0,0,0,0,16,0,16,0,0,0,"11,909","4,434"
제주,특수학교,3,111,0,111,621,417,204,0,0,0,621,417,204,210,67,143,155,44,111,55,23,32,2,0,2,29,19,10,132,29,103,194,134,60,170,119,51,1,1,0,0,0,0,0,0,51,35,16,0,0,0,0,0,0,0,0,0,0,0,0,0,0,0,0,0,0,0,0,0,0,0,0,0,0,0,"27,001","6,506"
제주,각종학교,1,0,0,0,0,0,0,0,0,0,0,0,0,11,5,6,9,4,5,2,1,1,10,1,9,2,1,1,3,1,2,0,0,0,0,0,0,0,0,0,0,0,0,0,0,0,0,0,0,0,0,0,0,0,0,0,0,0,0,0,0,0,0,0,0,0,0,0,0,0,0,0,0,0,0,"3,210",0
제주,소계,312,"3,816","3,487",329,"78,741","40,393","38,348","76,924","39,135","37,789","1,817","1,258",559,"7,287","2,197","5,090","6,206","1,819","4,387","1,081",378,703,330,161,169,885,454,431,"3,187",569,"2,618","21,019","10,712","10,307","22,815","11,717","11,098","13,127","6,716","6,411",0,0,0,0,0,89,56,33,677,310,367,66,37,29,129,61,68,312,125,187,8,7,1,0,0,0,162,80,82,"3,805","1,865","1,940",136,70,66,"2,631,502","1,463,415"
,,,,,,,,,,,,,,,,,,,,,,,,,,,,,,,,,,,,,,,,,,,,,,,,,,,,,,,,,,,,,,,,,,,,,,,,,,,,,,
,,,,,,,,,,,,,,,,,,,,,,,,,,,,,,,,,,,,,,,,,,,,,,,,,,,,,,,,,,,,,,,,,,,,,,,,,,,,,,
Unit,,,,,,,,,,,,,,,,,,,,,,,,,,,,,,,,,,,,,,,,,,,,,,,,,,,,,,,,,,,,,,,,,,,,,,,,,,,,,,
"School, Person, Class, ㎡",,,,,,,,,,,,,,,,,,,,,,,,,,,,,,,,,,,,,,,,,,,,,,,,,,,,,,,,,,,,,,,,,,,,,,,,,,,,,,